,Country,Year,Population,Area (Km2),Total CO2 Emission including LUCF (Mt),Total CO2 Emission excluding LUCF (Mt),Other Fuel Combustion (Mt),Land-Use Change and Forestry (Mt),Industrial Processes (Mt),Fugitive Emissions (Mt),Sub-Region_Eastern Africa,Sub-Region_Middle Africa,Sub-Region_Northern Africa,Sub-Region_Southern Africa,Sub-Region_Western Africa
0,0,2000,30774621,2381741,158.84,80.05,0.0,0.57,3.79,14.75,0.0,0.0,1.0,0.0,0.0
1,0,2001,31200985,2381741,155.51,78.65,0.0,0.0,3.77,11.86,0.0,0.0,1.0,0.0,0.0
2,0,2002,31624696,2381741,162.93,82.4,0.0,0.0,4.06,10.2,0.0,0.0,1.0,0.0,0.0
3,0,2003,32055883,2381741,174.23,88.19,0.0,0.0,4.03,12.17,0.0,0.0,1.0,0.0,0.0
4,0,2004,32510186,2381741,176.3,89.49,0.0,0.0,4.9,11.22,0.0,0.0,1.0,0.0,0.0
5,0,2005,32956690,2381741,185.06,94.19,0.0,0.0,5.66,11.05,0.0,0.0,1.0,0.0,0.0
6,0,2006,33435080,2381741,195.30999999999997,99.81,0.0,0.0,6.54,12.51,0.0,0.0,1.0,0.0,0.0
7,0,2007,33983827,2381741,200.73,102.75,0.0,0.0,7.0,10.87,0.0,0.0,1.0,0.0,0.0
8,0,2008,34569592,2381741,210.17000000000002,107.75,0.0,0.0,7.58,12.03,0.0,0.0,1.0,0.0,0.0
9,0,2009,35196037,2381741,218.49,112.17,3.93,0.0,8.22,9.51,0.0,0.0,1.0,0.0,0.0
10,0,2010,35856344,2381741,222.57,114.18,3.57,0.0,8.25,10.29,0.0,0.0,1.0,0.0,0.0
11,0,2011,36543541,2381741,235.63,120.78,3.96,0.0,8.19,9.7,0.0,0.0,1.0,0.0,0.0
12,0,2012,37260563,2381741,264.41,134.93,3.53,0.0,7.7,14.75,0.0,0.0,1.0,0.0,0.0
13,0,2013,38000626,2381741,273.2,139.02,4.12,0.0,7.3,15.89,0.0,0.0,1.0,0.0,0.0
14,0,2014,38760168,2381741,290.1,147.74,2.37,0.0,7.67,16.88,0.0,0.0,1.0,0.0,0.0
15,0,2015,39543154,2381741,306.87,156.27,2.49,0.0,8.06,17.72,0.0,0.0,1.0,0.0,0.0
16,0,2016,40339329,2381741,302.49,154.65,2.65,0.2,9.11,17.66,0.0,0.0,1.0,0.0,0.0
17,0,2017,41136546,2381741,307.59,157.7,3.33,0.2,10.08,17.08,0.0,0.0,1.0,0.0,0.0
18,0,2018,41927007,2381741,321.59999999999997,164.53,4.2,0.2,9.75,17.49,0.0,0.0,1.0,0.0,0.0
19,0,2019,42705368,2381741,332.78,170.58,5.73,0.2,10.1,18.13,0.0,0.0,1.0,0.0,0.0
20,0,2020,43451666,2381741,315.34000000000003,161.56,4.74,0.2,8.96,18.09,0.0,0.0,1.0,0.0,0.0
21,1,2000,16394062,1246700,43.94,16.2,0.0,10.19,0.08,11.49,0.0,1.0,0.0,0.0,0.0
22,1,2001,16941587,1246700,68.74000000000001,15.96,0.0,35.51,0.22,10.7,0.0,1.0,0.0,0.0,0.0
23,1,2002,17516139,1246700,67.99,15.69,0.01,35.51,0.24,9.95,0.0,1.0,0.0,0.0,0.0
24,1,2003,18124342,1246700,69.55999999999999,16.76,0.01,35.51,0.28,9.42,0.0,1.0,0.0,0.0,0.0
25,1,2004,18771125,1246700,71.41999999999999,17.45,0.02,35.51,0.3,9.44,0.0,1.0,0.0,0.0,0.0
26,1,2005,19450959,1246700,67.53,15.81,0.01,35.51,0.52,9.14,0.0,1.0,0.0,0.0,0.0
27,1,2006,20162340,1246700,68.90999999999998,16.56,0.02,35.51,0.54,7.77,0.0,1.0,0.0,0.0,0.0
28,1,2007,20909684,1246700,70.12,16.97,0.03,35.51,0.54,6.77,0.0,1.0,0.0,0.0,0.0
29,1,2008,21691522,1246700,74.66000000000003,19.28,0.03,35.5,0.68,6.77,0.0,1.0,0.0,0.0,0.0
30,1,2009,22507674,1246700,78.28,21.15,0.04,35.5,0.69,6.58,0.0,1.0,0.0,0.0,0.0
31,1,2010,23364185,1246700,82.07,22.8,0.04,35.5,0.58,7.93,0.0,1.0,0.0,0.0,0.0
32,1,2011,24259111,1246700,83.85,23.87,0.04,35.5,0.76,7.93,0.0,1.0,0.0,0.0,0.0
33,1,2012,25188292,1246700,84.25,23.87,0.05,35.5,1.15,6.28,0.0,1.0,0.0,0.0,0.0
34,1,2013,26147002,1246700,89.77000000000001,26.96,0.06,35.5,1.56,6.12,0.0,1.0,0.0,0.0,0.0
35,1,2014,27128337,1246700,95.24,29.61,0.06,35.5,1.98,6.75,0.0,1.0,0.0,0.0,0.0
36,1,2015,28127721,1246700,99.32000000000001,31.65,0.05,35.5,2.03,8.1,0.0,1.0,0.0,0.0,0.0
37,1,2016,29154746,1246700,95.05999999999999,29.52,0.04,35.5,1.5,8.69,0.0,1.0,0.0,0.0,0.0
38,1,2017,30208628,1246700,86.64999999999999,25.06,0.03,35.5,1.0,7.35,0.0,1.0,0.0,0.0,0.0
39,1,2018,31273533,1246700,83.73000000000002,23.64,0.03,35.5,1.04,5.4,0.0,1.0,0.0,0.0,0.0
40,1,2019,32353588,1246700,85.27,24.38,0.03,35.48,0.96,4.51,0.0,1.0,0.0,0.0,0.0
41,1,2020,33428486,1246700,75.43999999999998,19.81,0.02,35.48,1.05,3.62,0.0,1.0,0.0,0.0,0.0
42,2,2000,6998023,112622,17.91,1.42,0.0,14.99,0.0,0.0,0.0,0.0,0.0,0.0,1.0
43,2,2001,7212041,112622,14.240000000000002,1.74,0.0,10.71,0.0,0.0,0.0,0.0,0.0,0.0,1.0
44,2,2002,7431783,112622,14.97,2.18,0.0,10.71,0.16,0.0,0.0,0.0,0.0,0.0,1.0
45,2,2003,7659208,112622,15.540000000000001,2.44,0.0,10.71,0.17,0.0,0.0,0.0,0.0,0.0,1.0
46,2,2004,7894554,112622,15.860000000000003,2.65,0.0,10.71,0.21,0.0,0.0,0.0,0.0,0.0,1.0
47,2,2005,8149419,112622,16.32,2.9,0.0,10.71,0.22,0.0,0.0,0.0,0.0,0.0,1.0
48,2,2006,8402631,112622,17.5,3.47,0.0,10.71,0.23,0.0,0.0,0.0,0.0,0.0,1.0
49,2,2007,8647761,112622,18.569999999999997,4.0,0.0,10.71,0.21,0.0,0.0,0.0,0.0,0.0,1.0
50,2,2008,8906469,112622,18.7,4.02,0.0,10.71,0.18,0.0,0.0,0.0,0.0,0.0,1.0
51,2,2009,9172514,112622,19.580000000000002,4.42,0.0,10.71,0.22,0.0,0.0,0.0,0.0,0.0,1.0
52,2,2010,9445710,112622,20.59,4.83,0.0,10.71,0.24,0.0,0.0,0.0,0.0,0.0,1.0
53,2,2011,9726380,112622,19.92,4.65,0.0,10.71,0.23,0.0,0.0,0.0,0.0,0.0,1.0
54,2,2012,10014078,112622,19.53,4.44,0.0,10.71,0.24,0.0,0.0,0.0,0.0,0.0,1.0
55,2,2013,10308730,112622,19.970000000000002,4.68,0.0,10.71,0.21,0.0,0.0,0.0,0.0,0.0,1.0
56,2,2014,10614844,112622,20.990000000000002,5.19,0.0,10.71,0.22,0.0,0.0,0.0,0.0,0.0,1.0
57,2,2015,10932783,112622,21.62,5.51,0.0,10.71,0.21,0.0,0.0,0.0,0.0,0.0,1.0
58,2,2016,11260085,112622,24.09,6.74,0.03,10.71,0.21,0.0,0.0,0.0,0.0,0.0,1.0
59,2,2017,11596779,112622,24.340000000000003,6.88,0.04,10.71,0.21,0.0,0.0,0.0,0.0,0.0,1.0
60,2,2018,11940683,112622,25.620000000000005,7.6,0.05,10.71,0.39,0.0,0.0,0.0,0.0,0.0,1.0
61,2,2019,12290444,112622,25.34,7.48,0.06,10.71,0.39,0.0,0.0,0.0,0.0,0.0,1.0
62,2,2020,12643123,112622,26.350000000000005,7.98,0.06,10.71,0.37,0.0,0.0,0.0,0.0,0.0,1.0
63,3,2000,1726985,582000,49.16,4.03,0.04,41.07,0.0,0.0,0.0,0.0,0.0,1.0,0.0
64,3,2001,1761930,582000,48.82,3.87,0.06,41.07,0.0,0.0,0.0,0.0,0.0,1.0,0.0
65,3,2002,1795130,582000,49.150000000000006,4.03,0.07,41.07,0.0,0.0,0.0,0.0,0.0,1.0,0.0
66,3,2003,1826863,582000,48.92999999999999,3.92,0.07,41.08,0.0,0.0,0.0,0.0,0.0,1.0,0.0
67,3,2004,1859085,582000,49.06,3.97,0.11,41.1,0.0,0.0,0.0,0.0,0.0,1.0,0.0
68,3,2005,1892807,582000,49.71,4.28,0.04,41.11,0.0,0.0,0.0,0.0,0.0,1.0,0.0
69,3,2006,1928704,582000,49.32000000000001,4.09,0.04,41.1,0.0,0.0,0.0,0.0,0.0,1.0,0.0
70,3,2007,1966977,582000,49.78,4.32,0.13,41.1,0.0,0.0,0.0,0.0,0.0,1.0,0.0
71,3,2008,2007320,582000,49.919999999999995,4.39,0.06,41.1,0.0,0.0,0.0,0.0,0.0,1.0,0.0
72,3,2009,2048997,582000,49.449999999999996,4.19,0.11,41.11,0.1,0.0,0.0,0.0,0.0,1.0,0.0
73,3,2010,2091664,582000,47.79,3.37,0.04,41.11,0.1,0.0,0.0,0.0,0.0,1.0,0.0
74,3,2011,2134037,582000,48.900000000000006,3.88,0.04,41.1,0.01,0.0,0.0,0.0,0.0,1.0,0.0
75,3,2012,2175425,582000,47.97,3.41,0.04,41.1,0.01,0.0,0.0,0.0,0.0,1.0,0.0
76,3,2013,2217278,582000,51.98,5.42,0.04,41.1,0.01,0.0,0.0,0.0,0.0,1.0,0.0
77,3,2014,2260376,582000,55.10000000000001,6.99,0.05,41.09,0.01,0.0,0.0,0.0,0.0,1.0,0.0
78,3,2015,2305171,582000,55.02,6.95,0.04,41.09,0.01,0.0,0.0,0.0,0.0,1.0,0.0
79,3,2016,2352416,582000,54.39999999999999,6.63,0.04,41.1,0.01,0.0,0.0,0.0,0.0,1.0,0.0
80,3,2017,2401840,582000,55.82,7.34,0.04,41.11,0.01,0.0,0.0,0.0,0.0,1.0,0.0
81,3,2018,2451409,582000,57.28,8.06,0.04,41.11,0.0,0.0,0.0,0.0,0.0,1.0,0.0
82,3,2019,2499702,582000,55.59,7.2,0.04,41.14,0.0,0.0,0.0,0.0,0.0,1.0,0.0
83,3,2020,2546402,582000,52.669999999999995,5.76,0.03,41.14,0.0,0.0,0.0,0.0,0.0,1.0,0.0
84,4,2000,11882888,272967,14.37,1.05,0.0,12.26,0.04,0.0,0.0,0.0,0.0,0.0,1.0
85,4,2001,12249764,272967,18.529999999999994,1.02,0.0,16.45,0.02,0.0,0.0,0.0,0.0,0.0,1.0
86,4,2002,12632269,272967,18.53,1.03,0.0,16.45,0.01,0.0,0.0,0.0,0.0,0.0,1.0
87,4,2003,13030591,272967,18.69,1.1,0.0,16.45,0.01,0.0,0.0,0.0,0.0,0.0,1.0
88,4,2004,13445977,272967,18.740000000000002,1.13,0.0,16.45,0.01,0.0,0.0,0.0,0.0,0.0,1.0
89,4,2005,13876127,272967,18.8,1.15,0.0,16.45,0.01,0.0,0.0,0.0,0.0,0.0,1.0
90,4,2006,14316242,272967,19.3,1.4,0.0,16.45,0.01,0.0,0.0,0.0,0.0,0.0,1.0
91,4,2007,14757074,272967,19.85,1.68,0.0,16.45,0.01,0.0,0.0,0.0,0.0,0.0,1.0
92,4,2008,15197915,272967,20.150000000000002,1.91,0.0,16.45,0.18,0.0,0.0,0.0,0.0,0.0,1.0
93,4,2009,15650022,272967,20.139999999999997,1.93,0.0,16.45,0.22,0.0,0.0,0.0,0.0,0.0,1.0
94,4,2010,16116845,272967,20.51,2.09,0.0,16.45,0.23,0.0,0.0,0.0,0.0,0.0,1.0
95,4,2011,16602651,272967,10.13,2.2,0.0,5.87,0.23,0.0,0.0,0.0,0.0,0.0,1.0
96,4,2012,17113732,272967,11.109999999999998,2.69,0.0,5.87,0.25,0.0,0.0,0.0,0.0,0.0,1.0
97,4,2013,17636408,272967,11.690000000000001,2.95,0.0,5.87,0.23,0.0,0.0,0.0,0.0,0.0,1.0
98,4,2014,18169842,272967,11.82,3.0,0.0,5.87,0.16,0.0,0.0,0.0,0.0,0.0,1.0
99,4,2015,18718019,272967,13.049999999999999,3.8,0.0,5.87,0.52,0.0,0.0,0.0,0.0,0.0,1.0
100,4,2016,19275498,272967,31.53,4.0,0.0,24.1,0.64,0.0,0.0,0.0,0.0,0.0,1.0
101,4,2017,19835858,272967,32.74,4.63,0.0,24.1,0.7,0.0,0.0,0.0,0.0,0.0,1.0
102,4,2018,20392723,272967,33.66,5.15,0.0,24.1,0.83,0.0,0.0,0.0,0.0,0.0,1.0
103,4,2019,20951639,272967,34.419999999999995,5.65,0.0,24.1,1.06,0.0,0.0,0.0,0.0,0.0,1.0
104,4,2020,21522626,272967,34.27,5.46,0.0,24.1,0.85,0.0,0.0,0.0,0.0,0.0,1.0
105,5,2000,6307659,27834,5.749999999999999,0.26,0.0,5.21,0.0,0.0,1.0,0.0,0.0,0.0,0.0
106,5,2001,6465729,27834,3.56,0.21,0.0,3.12,0.0,0.0,1.0,0.0,0.0,0.0,0.0
107,5,2002,6648938,27834,3.56,0.22,0.0,3.12,0.0,0.0,1.0,0.0,0.0,0.0,0.0
108,5,2003,6860846,27834,3.4699999999999998,0.17,0.0,3.12,0.0,0.0,1.0,0.0,0.0,0.0,0.0
109,5,2004,7120496,27834,3.44,0.16,0.0,3.11,0.0,0.0,1.0,0.0,0.0,0.0,0.0
110,5,2005,7388874,27834,3.4600000000000004,0.16,0.0,3.12,0.0,0.0,1.0,0.0,0.0,0.0,0.0
111,5,2006,7658190,27834,3.53,0.19,0.0,3.13,0.0,0.0,1.0,0.0,0.0,0.0,0.0
112,5,2007,7944609,27834,3.5100000000000002,0.19,0.0,3.12,0.0,0.0,1.0,0.0,0.0,0.0,0.0
113,5,2008,8278109,27834,3.5300000000000002,0.2,0.0,3.12,0.0,0.0,1.0,0.0,0.0,0.0,0.0
114,5,2009,8709366,27834,3.5300000000000002,0.2,0.0,3.12,0.0,0.0,1.0,0.0,0.0,0.0,0.0
115,5,2010,9126605,27834,3.779999999999999,0.32,0.0,3.13,0.0,0.0,1.0,0.0,0.0,0.0,0.0
116,5,2011,9455733,27834,0.73,0.36,0.0,0.0,0.0,0.0,1.0,0.0,0.0,0.0,0.0
117,5,2012,9795479,27834,0.73,0.36,0.0,0.0,0.0,0.0,1.0,0.0,0.0,0.0,0.0
118,5,2013,10149577,27834,0.75,0.37,0.0,0.0,0.0,0.0,1.0,0.0,0.0,0.0,0.0
119,5,2014,10494913,27834,0.73,0.36,0.0,0.0,0.0,0.0,1.0,0.0,0.0,0.0,0.0
120,5,2015,10727148,27834,0.75,0.37,0.0,0.0,0.0,0.0,1.0,0.0,0.0,0.0,0.0
121,5,2016,10903327,27834,3.9899999999999998,0.44,0.0,3.1,0.0,0.0,1.0,0.0,0.0,0.0,0.0
122,5,2017,11155593,27834,4.159999999999999,0.53,0.0,3.09,0.0,0.0,1.0,0.0,0.0,0.0,0.0
123,5,2018,11493472,27834,4.4399999999999995,0.66,0.0,3.08,0.0,0.0,1.0,0.0,0.0,0.0,0.0
124,5,2019,11874838,27834,4.4799999999999995,0.71,0.0,3.04,0.0,0.0,1.0,0.0,0.0,0.0,0.0
125,5,2020,12220227,27834,4.469999999999999,0.71,0.0,3.03,0.0,0.0,1.0,0.0,0.0,0.0,0.0
126,7,2000,15091594,475442,62.78,5.21,0.0,52.48,0.36,2.06,0.0,1.0,0.0,0.0,0.0
127,7,2001,15493253,475442,51.03,5.16,0.0,40.85,0.39,2.06,0.0,1.0,0.0,0.0,0.0
128,7,2002,15914033,475442,51.03000000000001,5.13,0.0,40.85,0.38,1.86,0.0,1.0,0.0,0.0,0.0
129,7,2003,16354326,475442,51.18000000000001,5.21,0.0,40.85,0.38,1.84,0.0,1.0,0.0,0.0,0.0
130,7,2004,16809407,475442,50.97,5.12,0.0,40.87,0.41,1.7,0.0,1.0,0.0,0.0,0.0
131,7,2005,17275171,475442,50.73999999999999,5.02,0.0,40.87,0.4,1.68,0.0,1.0,0.0,0.0,0.0
132,7,2006,17751333,475442,50.919999999999995,5.09,0.0,40.87,0.39,1.59,0.0,1.0,0.0,0.0,0.0
133,7,2007,18251866,475442,53.080000000000005,6.13,0.0,40.88,0.45,1.57,0.0,1.0,0.0,0.0,0.0
134,7,2008,18777081,475442,53.64,6.39,0.0,40.89,0.38,1.74,0.0,1.0,0.0,0.0,0.0
135,7,2009,19319274,475442,54.919999999999995,7.03,0.0,40.92,0.42,1.8,0.0,1.0,0.0,0.0,0.0
136,7,2010,19878036,475442,54.95,7.01,0.0,40.95,0.39,1.58,0.0,1.0,0.0,0.0,0.0
137,7,2011,20448873,475442,46.69,6.8,0.0,33.2,0.44,1.45,0.0,1.0,0.0,0.0,0.0
138,7,2012,21032684,475442,46.78,6.87,0.0,33.22,0.49,1.33,0.0,1.0,0.0,0.0,0.0
139,7,2013,21632850,475442,48.05,7.53,0.0,33.23,0.54,1.43,0.0,1.0,0.0,0.0,0.0
140,7,2014,22299585,475442,49.51,8.22,0.07,33.23,0.5,1.55,0.0,1.0,0.0,0.0,0.0
141,7,2015,23012646,475442,49.889999999999986,8.5,0.09,33.23,0.66,1.87,0.0,1.0,0.0,0.0,0.0
142,7,2016,23711630,475442,50.39999999999999,8.97,0.09,33.29,0.91,1.89,0.0,1.0,0.0,0.0,0.0
143,7,2017,24393181,475442,50.49999999999999,9.08,0.1,33.29,0.99,1.8,0.0,1.0,0.0,0.0,0.0
144,7,2018,25076747,475442,51.72,9.75,0.11,33.27,1.1,1.83,0.0,1.0,0.0,0.0,0.0
145,7,2019,25782341,475442,51.34999999999999,9.56,0.12,33.25,1.08,1.8,0.0,1.0,0.0,0.0,0.0
146,7,2020,26491087,475442,51.809999999999995,9.93,0.12,33.26,1.33,1.76,0.0,1.0,0.0,0.0,0.0
147,6,2000,458251,4033,0.75,0.31,0.0,0.0,0.0,0.0,0.0,0.0,0.0,0.0,1.0
148,6,2001,465958,4033,0.8600000000000001,0.36,0.0,0.0,0.0,0.0,0.0,0.0,0.0,0.0,1.0
149,6,2002,473231,4033,0.9500000000000002,0.39,0.0,0.0,0.0,0.0,0.0,0.0,0.0,0.0,1.0
150,6,2003,480089,4033,0.9900000000000001,0.42,0.0,0.0,0.0,0.0,0.0,0.0,0.0,0.0,1.0
151,6,2004,486583,4033,1.01,0.42,0.0,0.0,0.0,0.0,0.0,0.0,0.0,0.0,1.0
152,6,2005,492827,4033,1.12,0.45,0.0,0.0,0.0,0.0,0.0,0.0,0.0,0.0,1.0
153,6,2006,498884,4033,1.28,0.52,0.0,0.0,0.0,0.0,0.0,0.0,0.0,0.0,1.0
154,6,2007,504733,4033,1.2000000000000002,0.46,0.0,0.0,0.0,0.0,0.0,0.0,0.0,0.0,1.0
155,6,2008,510336,4033,1.29,0.48,0.0,0.0,0.0,0.0,0.0,0.0,0.0,0.0,1.0
156,6,2009,515638,4033,1.25,0.51,0.0,0.0,0.0,0.0,0.0,0.0,0.0,0.0,1.0
157,6,2010,521212,4033,1.34,0.54,0.0,0.0,0.0,0.0,0.0,0.0,0.0,0.0,1.0
158,6,2011,527521,4033,1.48,0.57,0.0,0.0,0.0,0.0,0.0,0.0,0.0,0.0,1.0
159,6,2012,533864,4033,1.3800000000000001,0.53,0.0,0.0,0.0,0.0,0.0,0.0,0.0,0.0,1.0
160,6,2013,539940,4033,1.32,0.5,0.0,0.0,0.0,0.0,0.0,0.0,0.0,0.0,1.0
161,6,2014,546076,4033,1.38,0.5,0.0,0.0,0.0,0.0,0.0,0.0,0.0,0.0,1.0
162,6,2015,552166,4033,1.3599999999999999,0.5,0.0,0.0,0.0,0.0,0.0,0.0,0.0,0.0,1.0
163,6,2016,558394,4033,1.4500000000000002,0.54,0.0,0.0,0.0,0.0,0.0,0.0,0.0,0.0,1.0
164,6,2017,564954,4033,1.57,0.58,0.0,0.0,0.0,0.0,0.0,0.0,0.0,0.0,1.0
165,6,2018,571202,4033,1.5899999999999999,0.59,0.0,0.0,0.0,0.0,0.0,0.0,0.0,0.0,1.0
166,6,2019,577030,4033,1.66,0.62,0.0,0.0,0.0,0.0,0.0,0.0,0.0,0.0,1.0
167,6,2020,582640,4033,1.66,0.62,0.0,0.0,0.0,0.0,0.0,0.0,0.0,0.0,1.0
168,8,2000,3759170,622984,14.479999999999999,0.24,0.04,13.95,0.0,0.0,0.0,1.0,0.0,0.0,0.0
169,8,2001,3844773,622984,14.499999999999998,0.25,0.04,13.95,0.0,0.0,0.0,1.0,0.0,0.0,0.0
170,8,2002,3930648,622984,14.499999999999998,0.25,0.04,13.95,0.0,0.0,0.0,1.0,0.0,0.0,0.0
171,8,2003,4026841,622984,14.469999999999999,0.23,0.04,13.95,0.0,0.0,0.0,1.0,0.0,0.0,0.0
172,8,2004,4115138,622984,14.459999999999999,0.23,0.04,13.95,0.0,0.0,0.0,1.0,0.0,0.0,0.0
173,8,2005,4208834,622984,14.429999999999998,0.22,0.04,13.95,0.0,0.0,0.0,1.0,0.0,0.0,0.0
174,8,2006,4294352,622984,14.459999999999997,0.23,0.04,13.95,0.0,0.0,0.0,1.0,0.0,0.0,0.0
175,8,2007,4375569,622984,14.459999999999997,0.24,0.04,13.95,0.0,0.0,0.0,1.0,0.0,0.0,0.0
176,8,2008,4467233,622984,14.319999999999997,0.17,0.0,13.95,0.0,0.0,0.0,1.0,0.0,0.0,0.0
177,8,2009,4564540,622984,14.309999999999997,0.17,0.0,13.95,0.0,0.0,0.0,1.0,0.0,0.0,0.0
178,8,2010,4660067,622984,14.319999999999997,0.17,0.0,13.95,0.0,0.0,0.0,1.0,0.0,0.0,0.0
179,8,2011,4732022,622984,14.379999999999999,0.19,0.0,13.96,0.0,0.0,0.0,1.0,0.0,0.0,0.0
180,8,2012,4773306,622984,14.389999999999999,0.2,0.0,13.96,0.0,0.0,0.0,1.0,0.0,0.0,0.0
181,8,2013,4802428,622984,14.229999999999999,0.12,0.0,13.96,0.0,0.0,0.0,1.0,0.0,0.0,0.0
182,8,2014,4798734,622984,14.25,0.13,0.0,13.96,0.0,0.0,0.0,1.0,0.0,0.0,0.0
183,8,2015,4819333,622984,14.370000000000001,0.18,0.0,13.96,0.0,0.0,0.0,1.0,0.0,0.0,0.0
184,8,2016,4904177,622984,14.420000000000002,0.21,0.0,13.96,0.0,0.0,0.0,1.0,0.0,0.0,0.0
185,8,2017,4996741,622984,14.450000000000001,0.22,0.0,13.96,0.0,0.0,0.0,1.0,0.0,0.0,0.0
186,8,2018,5094780,622984,14.470000000000002,0.23,0.0,13.96,0.0,0.0,0.0,1.0,0.0,0.0,0.0
187,8,2019,5209324,622984,14.500000000000002,0.24,0.0,13.97,0.0,0.0,0.0,1.0,0.0,0.0,0.0
188,8,2020,5343020,622984,14.500000000000002,0.24,0.0,13.97,0.0,0.0,0.0,1.0,0.0,0.0,0.0
189,9,2000,8259137,1284000,8.71,0.51,0.0,7.63,0.0,0.0,0.0,1.0,0.0,0.0,0.0
190,9,2001,8538804,1284000,17.779999999999998,0.52,0.0,16.68,0.0,0.0,0.0,1.0,0.0,0.0,0.0
191,9,2002,8838369,1284000,17.8,0.53,0.0,16.68,0.0,0.0,0.0,1.0,0.0,0.0,0.0
192,9,2003,9196366,1284000,18.27,0.76,0.0,16.68,0.0,0.0,0.0,1.0,0.0,0.0,0.0
193,9,2004,9613503,1284000,18.279999999999998,0.77,0.0,16.68,0.0,0.0,0.0,1.0,0.0,0.0,0.0
194,9,2005,10005012,1284000,18.34,0.8,0.0,16.68,0.0,0.0,0.0,1.0,0.0,0.0,0.0
195,9,2006,10365614,1284000,18.37,0.82,0.0,16.68,0.0,0.0,0.0,1.0,0.0,0.0,0.0
196,9,2007,10722731,1284000,18.5,0.88,0.0,16.68,0.0,0.0,0.0,1.0,0.0,0.0,0.0
197,9,2008,11098664,1284000,18.799999999999997,1.03,0.0,16.68,0.0,0.0,0.0,1.0,0.0,0.0,0.0
198,9,2009,11496128,1284000,18.969999999999995,1.11,0.0,16.68,0.0,0.0,0.0,1.0,0.0,0.0,0.0
199,9,2010,11894727,1284000,19.119999999999997,1.19,0.0,16.68,0.0,0.0,0.0,1.0,0.0,0.0,0.0
200,9,2011,12317730,1284000,27.969999999999995,1.0,0.0,25.9,0.0,0.0,0.0,1.0,0.0,0.0,0.0
201,9,2012,12754906,1284000,28.369999999999997,1.23,0.0,25.9,0.05,0.0,0.0,1.0,0.0,0.0,0.0
202,9,2013,13216766,1284000,28.869999999999997,1.49,0.0,25.9,0.07,0.0,0.0,1.0,0.0,0.0,0.0
203,9,2014,13697126,1284000,28.859999999999996,1.48,0.0,25.9,0.08,0.0,0.0,1.0,0.0,0.0,0.0
204,9,2015,14140274,1284000,28.840000000000003,1.48,0.0,25.9,0.09,0.0,0.0,1.0,0.0,0.0,0.0
205,9,2016,14592585,1284000,26.250000000000004,1.47,0.0,23.33,0.1,0.0,0.0,1.0,0.0,0.0,0.0
206,9,2017,15085884,1284000,26.26,1.49,0.0,23.33,0.14,0.0,0.0,1.0,0.0,0.0,0.0
207,9,2018,15604210,1284000,26.39,1.56,0.0,23.33,0.14,0.0,0.0,1.0,0.0,0.0,0.0
208,9,2019,16126866,1284000,26.419999999999998,1.58,0.0,23.33,0.16,0.0,0.0,1.0,0.0,0.0,0.0
209,9,2020,16644701,1284000,26.409999999999997,1.57,0.0,23.33,0.14,0.0,0.0,1.0,0.0,0.0,0.0
210,10,2000,536758,1862,0.28,0.1,0.0,0.06,0.0,0.0,1.0,0.0,0.0,0.0,0.0
211,10,2001,547741,1862,0.28,0.11,0.0,0.06,0.0,0.0,1.0,0.0,0.0,0.0,0.0
212,10,2002,559047,1862,0.28,0.11,0.0,0.06,0.0,0.0,1.0,0.0,0.0,0.0,0.0
213,10,2003,570130,1862,0.3400000000000001,0.14,0.0,0.06,0.0,0.0,1.0,0.0,0.0,0.0,0.0
214,10,2004,581154,1862,0.36,0.15,0.0,0.06,0.0,0.0,1.0,0.0,0.0,0.0,0.0
215,10,2005,592683,1862,0.36,0.15,0.0,0.06,0.0,0.0,1.0,0.0,0.0,0.0,0.0
216,10,2006,604658,1862,0.41,0.17,0.0,0.06,0.0,0.0,1.0,0.0,0.0,0.0,0.0
217,10,2007,616899,1862,0.28,0.11,0.0,0.06,0.0,0.0,1.0,0.0,0.0,0.0,0.0
218,10,2008,629470,1862,0.29,0.11,0.0,0.06,0.0,0.0,1.0,0.0,0.0,0.0,0.0
219,10,2009,642493,1862,0.34,0.14,0.0,0.06,0.0,0.0,1.0,0.0,0.0,0.0,0.0
220,10,2010,656024,1862,0.4,0.17,0.0,0.06,0.0,0.0,1.0,0.0,0.0,0.0,0.0
221,10,2011,670071,1862,0.36000000000000004,0.15,0.0,0.06,0.0,0.0,1.0,0.0,0.0,0.0,0.0
222,10,2012,684553,1862,0.37000000000000005,0.16,0.0,0.06,0.0,0.0,1.0,0.0,0.0,0.0,0.0
223,10,2013,699393,1862,0.44,0.19,0.0,0.06,0.0,0.0,1.0,0.0,0.0,0.0,0.0
224,10,2014,714612,1862,0.4,0.17,0.0,0.06,0.0,0.0,1.0,0.0,0.0,0.0,0.0
225,10,2015,730216,1862,0.43999999999999995,0.19,0.0,0.06,0.0,0.0,1.0,0.0,0.0,0.0,0.0
226,10,2016,746232,1862,0.49,0.22,0.0,0.06,0.0,0.0,1.0,0.0,0.0,0.0,0.0
227,10,2017,761664,1862,0.61,0.28,0.0,0.06,0.0,0.0,1.0,0.0,0.0,0.0,0.0
228,10,2018,776313,1862,0.67,0.3,0.0,0.06,0.0,0.0,1.0,0.0,0.0,0.0,0.0
229,10,2019,790986,1862,0.7300000000000001,0.33,0.0,0.06,0.0,0.0,1.0,0.0,0.0,0.0,0.0
230,10,2020,806166,1862,0.7300000000000001,0.33,0.0,0.06,0.0,0.0,1.0,0.0,0.0,0.0,0.0
231,11,2000,16799670,322463,73.67999999999999,6.49,1.36,60.03,0.0,0.16,0.0,0.0,0.0,0.0,1.0
232,11,2001,17245468,322463,39.55,6.49,1.27,25.95,0.0,0.24,0.0,0.0,0.0,0.0,1.0
233,11,2002,17683897,322463,40.220000000000006,6.84,1.06,25.95,0.0,0.46,0.0,0.0,0.0,0.0,1.0
234,11,2003,18116451,322463,37.160000000000004,5.31,0.88,25.96,0.0,0.16,0.0,0.0,0.0,0.0,1.0
235,11,2004,18544903,322463,37.47,5.47,0.83,25.96,0.0,0.05,0.0,0.0,0.0,0.0,1.0
236,11,2005,18970215,322463,38.35,5.88,0.49,25.96,0.0,0.06,0.0,0.0,0.0,0.0,1.0
237,11,2006,19394057,322463,37.78,5.7,0.86,25.95,0.0,0.07,0.0,0.0,0.0,0.0,1.0
238,11,2007,19817700,322463,37.76,5.66,0.89,25.96,0.0,0.11,0.0,0.0,0.0,0.0,1.0
239,11,2008,20244449,322463,39.28000000000001,6.47,0.68,25.96,0.0,0.11,0.0,0.0,0.0,0.0,1.0
240,11,2009,20677762,322463,38.25,6.03,0.19,25.96,0.0,0.14,0.0,0.0,0.0,0.0,1.0
241,11,2010,21120042,322463,38.9,6.35,0.2,25.97,0.0,0.15,0.0,0.0,0.0,0.0,1.0
242,11,2011,21562914,322463,38.419999999999995,6.12,0.2,25.97,0.0,0.17,0.0,0.0,0.0,0.0,1.0
243,11,2012,22010712,322463,42.300000000000004,8.04,0.28,25.97,0.0,0.19,0.0,0.0,0.0,0.0,1.0
244,11,2013,22469268,322463,43.599999999999994,8.69,0.3,25.98,0.0,0.14,0.0,0.0,0.0,0.0,1.0
245,11,2014,22995555,322463,44.699999999999996,9.2,0.3,25.99,0.0,0.15,0.0,0.0,0.0,0.0,1.0
246,11,2015,23596741,322463,46.25,9.81,0.35,25.99,0.0,0.14,0.0,0.0,0.0,0.0,1.0
247,11,2016,24213622,322463,45.96,9.59,0.34,25.99,0.0,0.19,0.0,0.0,0.0,0.0,1.0
248,11,2017,24848016,322463,47.86,10.56,0.36,25.99,0.0,0.13,0.0,0.0,0.0,0.0,1.0
249,11,2018,25493988,322463,47.120000000000005,10.19,0.21,26.0,0.0,0.09,0.0,0.0,0.0,0.0,1.0
250,11,2019,26147551,322463,48.5,10.84,0.22,26.0,0.0,0.09,0.0,0.0,0.0,0.0,1.0
251,11,2020,26811790,322463,48.25,10.89,0.23,25.99,0.0,0.09,0.0,0.0,0.0,0.0,1.0
252,12,2000,48616317,2345409,371.03,1.63,0.0,367.59,0.07,0.71,0.0,1.0,0.0,0.0,0.0
253,12,2001,50106657,2345409,370.87999999999994,1.57,0.0,367.58,0.08,0.77,0.0,1.0,0.0,0.0,0.0
254,12,2002,51662071,2345409,371.09999999999997,1.65,0.0,367.58,0.11,0.77,0.0,1.0,0.0,0.0,0.0
255,12,2003,53205639,2345409,371.81,2.0,0.0,367.58,0.13,0.93,0.0,1.0,0.0,0.0,0.0
256,12,2004,54815607,2345409,371.71,1.94,0.0,367.58,0.16,0.77,0.0,1.0,0.0,0.0,0.0
257,12,2005,56550247,2345409,372.29999999999995,2.21,0.0,367.58,0.21,0.72,0.0,1.0,0.0,0.0,0.0
258,12,2006,58381630,2345409,372.59999999999985,2.28,0.0,367.58,0.2,0.69,0.0,1.0,0.0,0.0,0.0
259,12,2007,60289422,2345409,372.85999999999996,2.47,0.0,367.58,0.21,0.72,0.0,1.0,0.0,0.0,0.0
260,12,2008,62249724,2345409,372.59,2.55,0.0,367.58,0.16,0.68,0.0,1.0,0.0,0.0,0.0
261,12,2009,64270232,2345409,372.46999999999997,2.5,0.0,367.58,0.18,0.59,0.0,1.0,0.0,0.0,0.0
262,12,2010,66391257,2345409,373.18,2.65,0.0,367.58,0.19,0.6,0.0,1.0,0.0,0.0,0.0
263,12,2011,68654269,2345409,607.5899999999999,3.02,0.0,601.26,0.18,0.5,0.0,1.0,0.0,0.0,0.0
264,12,2012,70997870,2345409,607.1999999999999,2.83,0.0,601.26,0.16,0.4,0.0,1.0,0.0,0.0,0.0
265,12,2013,73460021,2345409,609.4699999999998,3.96,0.0,601.25,0.17,0.31,0.0,1.0,0.0,0.0,0.0
266,12,2014,76035588,2345409,612.12,5.14,0.0,601.25,0.13,0.35,0.0,1.0,0.0,0.0,0.0
267,12,2015,78656904,2345409,607.9499999999999,3.23,0.0,601.25,0.15,0.34,0.0,1.0,0.0,0.0,0.0
268,12,2016,81430977,2345409,606.3700000000001,2.42,0.0,601.26,0.1,0.34,0.0,1.0,0.0,0.0,0.0
269,12,2017,84283273,2345409,606.9699999999999,2.85,0.0,601.26,0.35,0.29,0.0,1.0,0.0,0.0,0.0
270,12,2018,87087355,2345409,606.9099999999999,2.81,0.0,601.26,0.41,0.28,0.0,1.0,0.0,0.0,0.0
271,12,2019,89906890,2345409,607.15,3.03,0.0,601.24,0.54,0.28,0.0,1.0,0.0,0.0,0.0
272,12,2020,92853164,2345409,607.23,3.03,0.0,601.25,0.42,0.28,0.0,1.0,0.0,0.0,0.0
273,13,2000,742033,23200,1.21,0.37,0.0,0.0,0.0,0.0,1.0,0.0,0.0,0.0,0.0
274,13,2001,765490,23200,1.21,0.38,0.0,0.0,0.0,0.0,1.0,0.0,0.0,0.0,0.0
275,13,2002,789129,23200,1.2200000000000002,0.4,0.0,0.0,0.0,0.0,1.0,0.0,0.0,0.0,0.0
276,13,2003,806411,23200,1.2599999999999998,0.41,0.0,0.0,0.0,0.0,1.0,0.0,0.0,0.0,0.0
277,13,2004,818373,23200,1.2200000000000002,0.4,0.0,0.0,0.0,0.0,1.0,0.0,0.0,0.0,0.0
278,13,2005,830861,23200,1.24,0.43,0.0,0.0,0.0,0.0,1.0,0.0,0.0,0.0,0.0
279,13,2006,846947,23200,1.1900000000000002,0.43,0.0,0.0,0.0,0.0,1.0,0.0,0.0,0.0,0.0
280,13,2007,865196,23200,1.26,0.47,0.0,0.0,0.0,0.0,1.0,0.0,0.0,0.0,0.0
281,13,2008,882886,23200,1.25,0.47,0.0,0.0,0.0,0.0,1.0,0.0,0.0,0.0,0.0
282,13,2009,901103,23200,1.2700000000000002,0.47,0.0,0.0,0.0,0.0,1.0,0.0,0.0,0.0,0.0
283,13,2010,919199,23200,1.3800000000000001,0.52,0.0,0.0,0.0,0.0,1.0,0.0,0.0,0.0,0.0
284,13,2011,936811,23200,1.28,0.47,0.0,0.0,0.0,0.0,1.0,0.0,0.0,0.0,0.0
285,13,2012,954297,23200,1.37,0.49,0.0,0.0,0.0,0.0,1.0,0.0,0.0,0.0,0.0
286,13,2013,971753,23200,1.41,0.56,0.0,0.0,0.06,0.0,1.0,0.0,0.0,0.0,0.0
287,13,2014,989087,23200,1.1,0.4,0.03,0.0,0.07,0.0,1.0,0.0,0.0,0.0,0.0
288,13,2015,1006259,23200,1.1800000000000002,0.45,0.03,0.0,0.05,0.0,1.0,0.0,0.0,0.0,0.0
289,13,2016,1023261,23200,1.07,0.4,0.05,0.0,0.05,0.0,1.0,0.0,0.0,0.0,0.0
290,13,2017,1040233,23200,1.0500000000000003,0.4,0.06,0.0,0.06,0.0,1.0,0.0,0.0,0.0,0.0
291,13,2018,1057198,23200,1.0700000000000003,0.41,0.05,0.0,0.09,0.0,1.0,0.0,0.0,0.0,0.0
292,13,2019,1073994,23200,1.0900000000000003,0.43,0.05,0.0,0.1,0.0,1.0,0.0,0.0,0.0,0.0
293,13,2020,1090156,23200,1.0800000000000003,0.43,0.05,0.0,0.09,0.0,1.0,0.0,0.0,0.0,0.0
294,14,2000,71371371,1002450,228.60999999999999,114.61,0.23,0.0,11.17,3.34,0.0,0.0,1.0,0.0,0.0
295,14,2001,72854261,1002450,250.48000000000002,126.7,0.2,0.0,11.75,3.22,0.0,0.0,1.0,0.0,0.0
296,14,2002,74393759,1002450,254.66,129.44,0.19,0.0,12.72,3.23,0.0,0.0,1.0,0.0,0.0
297,14,2003,75963322,1002450,265.2,133.02,0.14,0.0,11.89,3.31,0.0,0.0,1.0,0.0,0.0
298,14,2004,77522427,1002450,284.44000000000005,144.5,2.29,0.0,12.69,3.29,0.0,0.0,1.0,0.0,0.0
299,14,2005,79075310,1002450,317.22,162.22,5.46,0.0,14.15,3.04,0.0,0.0,1.0,0.0,0.0
300,14,2006,80629670,1002450,331.90999999999997,170.75,5.71,0.0,15.57,3.04,0.0,0.0,1.0,0.0,0.0
301,14,2007,82218755,1002450,356.02000000000004,183.4,6.2,0.0,17.1,2.7,0.0,0.0,1.0,0.0,0.0
302,14,2008,83844783,1002450,368.07,189.94,6.46,0.0,16.19,2.88,0.0,0.0,1.0,0.0,0.0
303,14,2009,85501064,1002450,379.41999999999996,197.66,7.05,0.0,19.97,3.24,0.0,0.0,1.0,0.0,0.0
304,14,2010,87252413,1002450,384.16,200.31,7.14,0.0,20.51,2.88,0.0,0.0,1.0,0.0,0.0
305,14,2011,89200054,1002450,396.12,205.77,7.29,0.92,20.1,2.88,0.0,0.0,1.0,0.0,0.0
306,14,2012,91240376,1002450,413.73,215.0,7.14,0.92,20.97,4.8,0.0,0.0,1.0,0.0,0.0
307,14,2013,93377890,1002450,411.05999999999995,213.86,2.82,0.92,20.21,4.28,0.0,0.0,1.0,0.0,0.0
308,14,2014,95592324,1002450,421.1,219.12,2.95,0.92,20.76,5.01,0.0,0.0,1.0,0.0,0.0
309,14,2015,97723799,1002450,434.07000000000005,226.28,2.89,0.92,21.65,5.09,0.0,0.0,1.0,0.0,0.0
310,14,2016,99784030,1002450,449.77000000000004,235.43,3.0,0.18,22.82,5.1,0.0,0.0,1.0,0.0,0.0
311,14,2017,101789386,1002450,469.81,244.54,2.86,0.18,21.77,4.21,0.0,0.0,1.0,0.0,0.0
312,14,2018,103740765,1002450,458.87999999999994,237.98,2.86,0.18,21.0,4.07,0.0,0.0,1.0,0.0,0.0
313,14,2019,105618671,1002450,419.7,217.91,2.57,0.18,19.67,4.21,0.0,0.0,1.0,0.0,0.0
314,14,2020,107465134,1002450,406.28999999999996,210.75,2.6,0.18,18.13,4.25,0.0,0.0,1.0,0.0,0.0
315,15,2000,684977,28051,7.829999999999999,1.98,0.0,3.83,0.0,1.61,0.0,1.0,0.0,0.0,0.0
316,15,2001,719270,28051,9.64,2.89,0.0,3.83,0.0,2.47,0.0,1.0,0.0,0.0,0.0
317,15,2002,754115,28051,8.94,2.54,0.0,3.83,0.0,1.86,0.0,1.0,0.0,0.0,0.0
318,15,2003,789681,28051,9.520000000000001,2.8,0.0,3.83,0.0,2.03,0.0,1.0,0.0,0.0,0.0
319,15,2004,826355,28051,14.97,5.52,0.0,3.83,0.0,2.4,0.0,1.0,0.0,0.0,0.0
320,15,2005,864726,28051,15.139999999999999,5.61,0.0,3.83,0.0,2.42,0.0,1.0,0.0,0.0,0.0
321,15,2006,905418,28051,15.079999999999998,5.58,0.0,3.83,0.0,2.34,0.0,1.0,0.0,0.0,0.0
322,15,2007,948814,28051,16.58,6.33,0.0,3.83,0.0,2.42,0.0,1.0,0.0,0.0,0.0
323,15,2008,994971,28051,15.549999999999999,5.82,0.0,3.83,0.0,2.23,0.0,1.0,0.0,0.0,0.0
324,15,2009,1043686,28051,16.06,6.07,0.0,3.83,0.0,1.92,0.0,1.0,0.0,0.0,0.0
325,15,2010,1094524,28051,16.009999999999998,6.05,0.0,3.83,0.0,2.02,0.0,1.0,0.0,0.0,0.0
326,15,2011,1144588,28051,16.110000000000003,6.09,0.0,3.83,0.0,1.6,0.0,1.0,0.0,0.0,0.0
327,15,2012,1193636,28051,15.669999999999998,5.87,0.0,3.83,0.0,1.18,0.0,1.0,0.0,0.0,0.0
328,15,2013,1243941,28051,15.93,5.99,0.0,3.83,0.0,1.21,0.0,1.0,0.0,0.0,0.0
329,15,2014,1295183,28051,15.839999999999998,5.95,0.0,3.83,0.0,1.19,0.0,1.0,0.0,0.0,0.0
330,15,2015,1346973,28051,14.93,5.49,0.0,3.83,0.0,1.06,0.0,1.0,0.0,0.0,0.0
331,15,2016,1398927,28051,15.62,5.83,0.0,3.83,0.0,0.84,0.0,1.0,0.0,0.0,0.0
332,15,2017,1450694,28051,14.7,5.37,0.0,3.83,0.0,0.55,0.0,1.0,0.0,0.0,0.0
333,15,2018,1502091,28051,14.1,5.07,0.0,3.83,0.0,0.56,0.0,1.0,0.0,0.0,0.0
334,15,2019,1553031,28051,13.709999999999999,4.88,0.0,3.83,0.0,0.56,0.0,1.0,0.0,0.0,0.0
335,15,2020,1596049,28051,12.599999999999998,4.35,0.0,3.83,0.0,0.54,0.0,1.0,0.0,0.0,0.0
336,16,2000,2392880,117600,1.7200000000000002,0.63,0.0,0.44,0.02,0.0,1.0,0.0,0.0,0.0,0.0
337,16,2001,2461927,117600,1.8800000000000001,0.69,0.0,0.46,0.02,0.0,1.0,0.0,0.0,0.0,0.0
338,16,2002,2547424,117600,1.8300000000000003,0.68,0.0,0.46,0.02,0.0,1.0,0.0,0.0,0.0,0.0
339,16,2003,2653390,117600,1.85,0.68,0.0,0.46,0.02,0.0,1.0,0.0,0.0,0.0,0.0
340,16,2004,2763140,117600,1.9100000000000001,0.7,0.0,0.46,0.02,0.0,1.0,0.0,0.0,0.0,0.0
341,16,2005,2831732,117600,1.6400000000000001,0.59,0.0,0.46,0.02,0.0,1.0,0.0,0.0,0.0,0.0
342,16,2006,2880093,117600,1.56,0.53,0.0,0.46,0.02,0.0,1.0,0.0,0.0,0.0,0.0
343,16,2007,2926168,117600,1.5600000000000003,0.52,0.0,0.46,0.02,0.0,1.0,0.0,0.0,0.0,0.0
344,16,2008,3005779,117600,1.3800000000000001,0.45,0.0,0.46,0.02,0.0,1.0,0.0,0.0,0.0,0.0
345,16,2009,3083888,117600,1.4400000000000002,0.47,0.0,0.46,0.02,0.0,1.0,0.0,0.0,0.0,0.0
346,16,2010,3147727,117600,1.5000000000000002,0.5,0.0,0.46,0.02,0.0,1.0,0.0,0.0,0.0,0.0
347,16,2011,3207570,117600,1.57,0.6,0.0,0.38,0.06,0.0,1.0,0.0,0.0,0.0,0.0
348,16,2012,3252596,117600,1.6,0.63,0.0,0.38,0.09,0.0,1.0,0.0,0.0,0.0,0.0
349,16,2013,3296367,117600,1.5200000000000002,0.59,0.0,0.38,0.09,0.0,1.0,0.0,0.0,0.0,0.0
350,16,2014,3323425,117600,1.5400000000000003,0.59,0.0,0.38,0.09,0.0,1.0,0.0,0.0,0.0,0.0
351,16,2015,3340006,117600,1.4700000000000002,0.57,0.0,0.38,0.08,0.0,1.0,0.0,0.0,0.0,0.0
352,16,2016,3365287,117600,1.58,0.58,0.0,0.45,0.08,0.0,1.0,0.0,0.0,0.0,0.0
353,16,2017,3396933,117600,1.58,0.58,0.0,0.45,0.08,0.0,1.0,0.0,0.0,0.0,0.0
354,16,2018,3445374,117600,1.8100000000000003,0.68,0.0,0.45,0.11,0.0,1.0,0.0,0.0,0.0,0.0
355,16,2019,3498818,117600,1.8300000000000003,0.7,0.0,0.45,0.11,0.0,1.0,0.0,0.0,0.0,0.0
356,16,2020,3555868,117600,1.82,0.71,0.0,0.45,0.11,0.0,1.0,0.0,0.0,0.0,0.0
357,17,2000,1030496,17364,2.18,1.09,0.04,0.0,0.0,0.0,0.0,0.0,0.0,1.0,0.0
358,17,2001,1041396,17364,2.22,1.11,0.03,0.0,0.0,0.0,0.0,0.0,0.0,1.0,0.0
359,17,2002,1050809,17364,2.15,1.07,0.03,0.0,0.0,0.0,0.0,0.0,0.0,1.0,0.0
360,17,2003,1058797,17364,2.0,1.0,0.03,0.0,0.0,0.0,0.0,0.0,0.0,1.0,0.0
361,17,2004,1065764,17364,1.98,0.99,0.03,0.0,0.0,0.0,0.0,0.0,0.0,1.0,0.0
362,17,2005,1071886,17364,1.97,0.98,0.03,0.0,0.0,0.0,0.0,0.0,0.0,1.0,0.0
363,17,2006,1077735,17364,1.99,0.99,0.03,0.0,0.0,0.0,0.0,0.0,0.0,1.0,0.0
364,17,2007,1084008,17364,2.0500000000000003,1.02,0.03,0.0,0.0,0.0,0.0,0.0,0.0,1.0,0.0
365,17,2008,1089870,17364,2.02,1.01,0.03,0.0,0.0,0.0,0.0,0.0,0.0,1.0,0.0
366,17,2009,1094886,17364,2.08,1.04,0.03,0.0,0.0,0.0,0.0,0.0,0.0,1.0,0.0
367,17,2010,1099920,17364,1.71,0.85,0.04,0.0,0.0,0.0,0.0,0.0,0.0,1.0,0.0
368,17,2011,1105371,17364,1.6200000000000003,0.81,0.08,0.0,0.0,0.0,0.0,0.0,0.0,1.0,0.0
369,17,2012,1111444,17364,1.62,0.81,0.03,0.0,0.0,0.0,0.0,0.0,0.0,1.0,0.0
370,17,2013,1118319,17364,1.9100000000000004,0.96,0.03,0.0,0.0,0.0,0.0,0.0,0.0,1.0,0.0
371,17,2014,1125865,17364,1.9600000000000004,0.98,0.03,0.0,0.0,0.0,0.0,0.0,0.0,1.0,0.0
372,17,2015,1133936,17364,2.0300000000000002,1.02,0.03,0.0,0.0,0.0,0.0,0.0,0.0,1.0,0.0
373,17,2016,1142524,17364,2.24,1.12,0.03,0.0,0.0,0.0,0.0,0.0,0.0,1.0,0.0
374,17,2017,1151390,17364,2.2200000000000006,1.11,0.02,0.0,0.0,0.0,0.0,0.0,0.0,1.0,0.0
375,17,2018,1160428,17364,2.2200000000000006,1.11,0.02,0.0,0.0,0.0,0.0,0.0,0.0,1.0,0.0
376,17,2019,1169613,17364,2.3499999999999996,1.17,0.06,0.0,0.0,0.0,0.0,0.0,0.0,1.0,0.0
377,17,2020,1180655,17364,2.3,1.15,0.06,0.0,0.0,0.0,0.0,0.0,0.0,1.0,0.0
378,18,2000,67031867,1104300,32.15,3.56,0.24,25.18,0.36,0.0,1.0,0.0,0.0,0.0,0.0
379,18,2001,69018932,1104300,38.46000000000001,4.4,0.3,29.76,0.36,0.0,1.0,0.0,0.0,0.0,0.0
380,18,2002,71073215,1104300,38.83,4.57,0.31,29.81,0.36,0.0,1.0,0.0,0.0,0.0,0.0
381,18,2003,73168838,1104300,39.61,5.02,0.33,29.79,0.45,0.0,1.0,0.0,0.0,0.0,0.0
382,18,2004,75301026,1104300,40.29000000000001,5.33,0.38,29.81,0.52,0.0,1.0,0.0,0.0,0.0,0.0
383,18,2005,77469940,1104300,39.78999999999999,5.05,0.35,29.85,0.62,0.0,1.0,0.0,0.0,0.0,0.0
384,18,2006,79691050,1104300,40.580000000000005,5.4,0.39,29.87,0.68,0.0,1.0,0.0,0.0,0.0,0.0
385,18,2007,81996185,1104300,41.86000000000001,5.96,0.43,29.87,0.63,0.0,1.0,0.0,0.0,0.0,0.0
386,18,2008,84357105,1104300,42.84,6.49,0.44,29.89,0.71,0.0,1.0,0.0,0.0,0.0,0.0
387,18,2009,86755585,1104300,43.14000000000001,6.53,0.46,29.94,0.65,0.0,1.0,0.0,0.0,0.0,0.0
388,18,2010,89237791,1104300,43.27,6.47,0.47,29.94,0.63,0.0,1.0,0.0,0.0,0.0,0.0
389,18,2011,91817929,1104300,45.759999999999984,7.55,0.51,30.43,0.8,0.0,1.0,0.0,0.0,0.0,0.0
390,18,2012,94451280,1104300,47.370000000000005,8.56,0.57,30.43,1.36,0.0,1.0,0.0,0.0,0.0,0.0
391,18,2013,97084366,1104300,50.339999999999996,10.19,0.67,30.41,1.75,0.0,1.0,0.0,0.0,0.0,0.0
392,18,2014,99746766,1104300,54.69000000000001,12.49,0.74,30.36,2.1,0.0,1.0,0.0,0.0,0.0,0.0
393,18,2015,102471895,1104300,55.06,13.05,0.8,30.36,2.91,0.0,1.0,0.0,0.0,0.0,0.0
394,18,2016,105293228,1104300,59.67,15.25,0.99,30.6,3.29,0.0,1.0,0.0,0.0,0.0,0.0
395,18,2017,108197950,1104300,61.0,15.88,1.09,30.59,3.53,0.0,1.0,0.0,0.0,0.0,0.0
396,18,2018,111129438,1104300,63.25,17.03,1.15,30.54,3.68,0.0,1.0,0.0,0.0,0.0,0.0
397,18,2019,114120594,1104300,64.16,17.71,1.17,30.45,3.72,0.0,1.0,0.0,0.0,0.0,0.0
398,18,2020,117190911,1104300,64.32,18.1,1.15,30.48,3.76,0.0,1.0,0.0,0.0,0.0,0.0
399,19,2000,1272935,267668,16.39,6.08,0.02,3.48,0.08,4.53,0.0,1.0,0.0,0.0,0.0
400,19,2001,1306590,267668,16.17,6.23,0.02,2.97,0.1,4.65,0.0,1.0,0.0,0.0,0.0
401,19,2002,1341696,267668,15.649999999999999,5.96,0.02,2.98,0.1,4.47,0.0,1.0,0.0,0.0,0.0
402,19,2003,1378398,267668,16.6,6.44,0.02,2.99,0.1,4.94,0.0,1.0,0.0,0.0,0.0
403,19,2004,1417110,267668,15.91,6.09,0.02,3.0,0.1,4.56,0.0,1.0,0.0,0.0,0.0
404,19,2005,1458353,267668,15.830000000000002,6.06,0.02,3.0,0.1,4.22,0.0,1.0,0.0,0.0,0.0
405,19,2006,1502534,267668,14.53,5.44,0.02,3.0,0.1,3.53,0.0,1.0,0.0,0.0,0.0
406,19,2007,1549774,267668,13.569999999999997,4.94,0.03,3.0,0.09,2.91,0.0,1.0,0.0,0.0,0.0
407,19,2008,1599978,267668,14.219999999999997,5.27,0.03,3.0,0.09,3.17,0.0,1.0,0.0,0.0,0.0
408,19,2009,1653542,267668,14.099999999999998,5.21,0.03,3.0,0.1,3.03,0.0,1.0,0.0,0.0,0.0
409,19,2010,1711105,267668,15.329999999999998,5.76,0.04,3.0,0.09,3.02,0.0,1.0,0.0,0.0,0.0
410,19,2011,1772500,267668,18.570000000000004,5.78,0.04,6.25,0.09,2.71,0.0,1.0,0.0,0.0,0.0
411,19,2012,1836705,267668,18.139999999999997,5.6,0.05,6.25,0.08,2.4,0.0,1.0,0.0,0.0,0.0
412,19,2013,1902226,267668,18.509999999999994,5.79,0.05,6.25,0.07,2.44,0.0,1.0,0.0,0.0,0.0
413,19,2014,1966855,267668,18.849999999999998,5.96,0.05,6.26,0.07,2.64,0.0,1.0,0.0,0.0,0.0
414,19,2015,2028517,267668,19.21,6.12,0.05,6.26,0.08,2.79,0.0,1.0,0.0,0.0,0.0
415,19,2016,2086206,267668,19.69,6.38,0.05,6.26,0.13,2.79,0.0,1.0,0.0,0.0,0.0
416,19,2017,2140215,267668,17.41,5.34,0.01,6.26,0.14,2.68,0.0,1.0,0.0,0.0,0.0
417,19,2018,2192012,267668,16.87,5.12,0.01,6.27,0.19,2.47,0.0,1.0,0.0,0.0,0.0
418,19,2019,2242785,267668,17.25,5.27,0.01,6.25,0.21,2.61,0.0,1.0,0.0,0.0,0.0
419,19,2020,2292573,267668,17.369999999999997,5.35,0.01,6.27,0.2,2.63,0.0,1.0,0.0,0.0,0.0
420,20,2000,1437539,10689,1.04,0.24,0.07,0.53,0.0,0.0,0.0,0.0,0.0,0.0,1.0
421,20,2001,1479449,10689,1.1700000000000002,0.31,0.07,0.53,0.0,0.0,0.0,0.0,0.0,0.0,1.0
422,20,2002,1522223,10689,1.16,0.3,0.06,0.53,0.0,0.0,0.0,0.0,0.0,0.0,1.0
423,20,2003,1566257,10689,1.1500000000000001,0.3,0.04,0.53,0.0,0.0,0.0,0.0,0.0,0.0,1.0
424,20,2004,1612225,10689,1.19,0.31,0.05,0.53,0.0,0.0,0.0,0.0,0.0,0.0,1.0
425,20,2005,1660368,10689,1.21,0.33,0.04,0.53,0.0,0.0,0.0,0.0,0.0,0.0,1.0
426,20,2006,1711294,10689,1.28,0.36,0.05,0.53,0.0,0.0,0.0,0.0,0.0,0.0,1.0
427,20,2007,1764883,10689,1.4,0.41,0.06,0.53,0.0,0.0,0.0,0.0,0.0,0.0,1.0
428,20,2008,1820542,10689,1.44,0.43,0.06,0.53,0.0,0.0,0.0,0.0,0.0,0.0,1.0
429,20,2009,1878119,10689,1.55,0.48,0.06,0.53,0.0,0.0,0.0,0.0,0.0,0.0,1.0
430,20,2010,1937275,10689,1.4500000000000002,0.43,0.08,0.53,0.0,0.0,0.0,0.0,0.0,0.0,1.0
431,20,2011,1998212,10689,1.4900000000000002,0.45,0.07,0.53,0.0,0.0,0.0,0.0,0.0,0.0,1.0
432,20,2012,2061014,10689,1.4800000000000002,0.45,0.06,0.53,0.0,0.0,0.0,0.0,0.0,0.0,1.0
433,20,2013,2124869,10689,1.4500000000000002,0.43,0.05,0.53,0.0,0.0,0.0,0.0,0.0,0.0,1.0
434,20,2014,2189019,10689,1.5900000000000003,0.51,0.08,0.53,0.0,0.0,0.0,0.0,0.0,0.0,1.0
435,20,2015,2253133,10689,1.77,0.59,0.12,0.53,0.0,0.0,0.0,0.0,0.0,0.0,1.0
436,20,2016,2317206,10689,1.7899999999999998,0.59,0.12,0.53,0.0,0.0,0.0,0.0,0.0,0.0,1.0
437,20,2017,2381182,10689,1.7999999999999998,0.6,0.11,0.53,0.0,0.0,0.0,0.0,0.0,0.0,1.0
438,20,2018,2444916,10689,1.79,0.6,0.12,0.53,0.0,0.0,0.0,0.0,0.0,0.0,1.0
439,20,2019,2508883,10689,1.81,0.61,0.13,0.53,0.0,0.0,0.0,0.0,0.0,0.0,1.0
440,20,2020,2573995,10689,1.81,0.61,0.13,0.53,0.0,0.0,0.0,0.0,0.0,0.0,1.0
441,21,2000,19665502,238533,20.249999999999996,4.95,0.53,9.86,0.0,0.0,0.0,0.0,0.0,0.0,1.0
442,21,2001,20195577,238533,57.089999999999996,5.44,0.51,45.84,0.0,0.0,0.0,0.0,0.0,0.0,1.0
443,21,2002,20758326,238533,59.60000000000001,6.67,0.17,45.84,0.0,0.01,0.0,0.0,0.0,0.0,1.0
444,21,2003,21329514,238533,59.00999999999999,6.38,0.18,45.83,0.0,0.01,0.0,0.0,0.0,0.0,1.0
445,21,2004,21906444,238533,58.1,5.92,0.18,45.83,0.0,0.06,0.0,0.0,0.0,0.0,1.0
446,21,2005,22496951,238533,58.99999999999999,6.33,0.2,45.83,0.0,0.02,0.0,0.0,0.0,0.0,1.0
447,21,2006,23098586,238533,61.92999999999999,7.8,0.21,45.83,0.0,0.07,0.0,0.0,0.0,0.0,1.0
448,21,2007,23708320,238533,63.22,8.42,0.24,45.83,0.0,0.06,0.0,0.0,0.0,0.0,1.0
449,21,2008,24326087,238533,62.35,7.97,0.29,45.83,0.0,0.1,0.0,0.0,0.0,0.0,1.0
450,21,2009,24950762,238533,65.1,9.32,0.32,45.82,0.0,0.07,0.0,0.0,0.0,0.0,1.0
451,21,2010,25574719,238533,67.24,10.38,0.25,45.82,0.0,0.04,0.0,0.0,0.0,0.0,1.0
452,21,2011,26205941,238533,51.67,10.8,0.31,29.39,0.01,0.06,0.0,0.0,0.0,0.0,1.0
453,21,2012,26858762,238533,55.82000000000001,12.88,0.38,29.39,0.02,0.07,0.0,0.0,0.0,0.0,1.0
454,21,2013,27525597,238533,57.75000000000001,13.9,0.36,29.38,0.02,0.17,0.0,0.0,0.0,0.0,1.0
455,21,2014,28196358,238533,56.49,13.37,0.23,29.38,0.02,0.23,0.0,0.0,0.0,0.0,1.0
456,21,2015,28870939,238533,58.36999999999999,14.32,0.24,29.38,0.03,0.26,0.0,0.0,0.0,0.0,1.0
457,21,2016,29554303,238533,29.49,14.55,0.23,0.0,0.03,0.31,0.0,0.0,0.0,0.0,1.0
458,21,2017,30222262,238533,31.059999999999995,15.14,0.41,0.0,0.02,0.64,0.0,0.0,0.0,0.0,1.0
459,21,2018,30870641,238533,34.19,16.77,0.39,0.0,0.02,0.34,0.0,0.0,0.0,0.0,1.0
460,21,2019,31522290,238533,36.84,18.04,0.39,0.0,0.03,0.34,0.0,0.0,0.0,0.0,1.0
461,21,2020,32180401,238533,39.230000000000004,19.4,0.47,0.0,0.03,0.33,0.0,0.0,0.0,0.0,1.0
462,22,2000,8336967,245857,13.520000000000001,1.49,0.0,10.48,0.0,0.0,0.0,0.0,0.0,0.0,1.0
463,22,2001,8445717,245857,14.05,1.57,0.0,10.84,0.0,0.0,0.0,0.0,0.0,0.0,1.0
464,22,2002,8577790,245857,14.17,1.63,0.0,10.83,0.0,0.0,0.0,0.0,0.0,0.0,1.0
465,22,2003,8772254,245857,14.310000000000002,1.71,0.0,10.82,0.0,0.0,0.0,0.0,0.0,0.0,1.0
466,22,2004,8961039,245857,14.43,1.77,0.0,10.82,0.0,0.0,0.0,0.0,0.0,0.0,1.0
467,22,2005,9140114,245857,14.570000000000002,1.84,0.0,10.82,0.0,0.0,0.0,0.0,0.0,0.0,1.0
468,22,2006,9330625,245857,14.700000000000001,1.9,0.0,10.82,0.0,0.0,0.0,0.0,0.0,0.0,1.0
469,22,2007,9547082,245857,14.860000000000001,1.98,0.0,10.82,0.0,0.0,0.0,0.0,0.0,0.0,1.0
470,22,2008,9779785,245857,14.920000000000002,2.01,0.0,10.82,0.0,0.0,0.0,0.0,0.0,0.0,1.0
471,22,2009,10021323,245857,15.15,2.12,0.0,10.82,0.0,0.0,0.0,0.0,0.0,0.0,1.0
472,22,2010,10270728,245857,15.9,2.5,0.0,10.82,0.0,0.0,0.0,0.0,0.0,0.0,1.0
473,22,2011,10527712,245857,16.189999999999998,2.62,0.0,10.87,0.0,0.0,0.0,0.0,0.0,0.0,1.0
474,22,2012,10788692,245857,15.889999999999999,2.47,0.0,10.87,0.0,0.0,0.0,0.0,0.0,0.0,1.0
475,22,2013,11055430,245857,15.27,2.16,0.0,10.87,0.0,0.0,0.0,0.0,0.0,0.0,1.0
476,22,2014,11333365,245857,15.419999999999998,2.23,0.0,10.87,0.0,0.0,0.0,0.0,0.0,0.0,1.0
477,22,2015,11625998,245857,15.989999999999997,2.52,0.0,10.87,0.0,0.0,0.0,0.0,0.0,0.0,1.0
478,22,2016,11930985,245857,17.639999999999993,2.81,0.0,11.94,0.0,0.0,0.0,0.0,0.0,0.0,1.0
479,22,2017,12240789,245857,18.689999999999998,3.32,0.0,11.94,0.0,0.0,0.0,0.0,0.0,0.0,1.0
480,22,2018,12554864,245857,19.52,3.74,0.0,11.94,0.0,0.0,0.0,0.0,0.0,0.0,1.0
481,22,2019,12877539,245857,21.119999999999997,4.52,0.0,11.95,0.0,0.0,0.0,0.0,0.0,0.0,1.0
482,22,2020,13205153,245857,21.15,4.54,0.0,11.95,0.0,0.0,0.0,0.0,0.0,0.0,1.0
483,23,2000,1230849,36125,1.82,0.15,0.09,1.49,0.0,0.0,0.0,0.0,0.0,0.0,1.0
484,23,2001,1257380,36125,1.82,0.15,0.09,1.49,0.0,0.0,0.0,0.0,0.0,0.0,1.0
485,23,2002,1285678,36125,1.8299999999999998,0.15,0.09,1.49,0.0,0.0,0.0,0.0,0.0,0.0,1.0
486,23,2003,1315653,36125,1.92,0.2,0.09,1.49,0.0,0.0,0.0,0.0,0.0,0.0,1.0
487,23,2004,1347009,36125,1.94,0.21,0.09,1.49,0.0,0.0,0.0,0.0,0.0,0.0,1.0
488,23,2005,1379713,36125,1.94,0.21,0.09,1.49,0.0,0.0,0.0,0.0,0.0,0.0,1.0
489,23,2006,1414091,36125,1.96,0.22,0.09,1.49,0.0,0.0,0.0,0.0,0.0,0.0,1.0
490,23,2007,1450572,36125,1.99,0.23,0.09,1.49,0.0,0.0,0.0,0.0,0.0,0.0,1.0
491,23,2008,1488431,36125,1.96,0.22,0.09,1.49,0.0,0.0,0.0,0.0,0.0,0.0,1.0
492,23,2009,1527196,36125,1.98,0.23,0.09,1.49,0.0,0.0,0.0,0.0,0.0,0.0,1.0
493,23,2010,1567220,36125,1.99,0.24,0.09,1.49,0.0,0.0,0.0,0.0,0.0,0.0,1.0
494,23,2011,1609017,36125,2.01,0.24,0.09,1.49,0.0,0.0,0.0,0.0,0.0,0.0,1.0
495,23,2012,1652717,36125,2.02,0.25,0.09,1.49,0.0,0.0,0.0,0.0,0.0,0.0,1.0
496,23,2013,1697753,36125,2.03,0.25,0.09,1.49,0.0,0.0,0.0,0.0,0.0,0.0,1.0
497,23,2014,1743309,36125,2.05,0.26,0.1,1.49,0.0,0.0,0.0,0.0,0.0,0.0,1.0
498,23,2015,1788919,36125,2.09,0.28,0.1,1.49,0.0,0.0,0.0,0.0,0.0,0.0,1.0
499,23,2016,1834552,36125,2.15,0.31,0.11,1.49,0.0,0.0,0.0,0.0,0.0,0.0,1.0
500,23,2017,1879826,36125,2.15,0.31,0.11,1.49,0.0,0.0,0.0,0.0,0.0,0.0,1.0
501,23,2018,1924955,36125,2.1599999999999997,0.32,0.11,1.49,0.0,0.0,0.0,0.0,0.0,0.0,1.0
502,23,2019,1970457,36125,2.1799999999999997,0.33,0.11,1.49,0.0,0.0,0.0,0.0,0.0,0.0,1.0
503,23,2020,2015828,36125,2.1799999999999997,0.33,0.11,1.49,0.0,0.0,0.0,0.0,0.0,0.0,1.0
504,24,2000,30851606,580367,18.229999999999997,8.63,0.33,0.0,0.57,0.0,1.0,0.0,0.0,0.0,0.0
505,24,2001,31800343,580367,32.0,7.88,0.32,15.17,0.57,0.0,1.0,0.0,0.0,0.0,0.0
506,24,2002,32779823,580367,31.429999999999996,7.66,0.27,15.17,0.66,0.0,1.0,0.0,0.0,0.0,0.0
507,24,2003,33767122,580367,29.759999999999994,6.84,0.21,15.17,0.77,0.0,1.0,0.0,0.0,0.0,0.0
508,24,2004,34791836,580367,31.5,7.66,0.22,15.17,0.86,0.0,1.0,0.0,0.0,0.0,0.0
509,24,2005,35843010,580367,33.459999999999994,8.71,0.14,15.17,1.06,0.0,1.0,0.0,0.0,0.0,0.0
510,24,2006,36925253,580367,35.64,9.77,0.14,15.17,1.08,0.0,1.0,0.0,0.0,0.0,0.0
511,24,2007,38036793,580367,35.86,9.87,0.22,15.17,1.27,0.0,1.0,0.0,0.0,0.0,0.0
512,24,2008,39186895,580367,36.52,10.41,0.15,15.17,1.41,0.0,1.0,0.0,0.0,0.0,0.0
513,24,2009,40364444,580367,40.33,12.42,0.11,15.17,1.66,0.0,1.0,0.0,0.0,0.0,0.0
514,24,2010,41517895,580367,41.96,13.42,0.15,15.17,1.85,0.0,1.0,0.0,0.0,0.0,0.0
515,24,2011,42635144,580367,36.29,13.96,0.13,8.34,2.23,0.0,1.0,0.0,0.0,0.0,0.0
516,24,2012,43725806,580367,34.24,12.98,0.11,8.34,2.31,0.0,1.0,0.0,0.0,0.0,0.0
517,24,2013,44792368,580367,36.41,14.39,0.13,8.34,2.52,0.0,1.0,0.0,0.0,0.0,0.0
518,24,2014,45831863,580367,40.58,16.7,0.16,8.34,2.92,0.0,1.0,0.0,0.0,0.0,0.0
519,24,2015,46851488,580367,43.53,18.09,0.15,8.34,3.16,0.0,1.0,0.0,0.0,0.0,0.0
520,24,2016,47894670,580367,37.339999999999996,19.31,0.16,0.0,3.34,0.0,1.0,0.0,0.0,0.0,0.0
521,24,2017,48948137,580367,39.239999999999995,20.1,0.23,0.0,3.11,0.0,1.0,0.0,0.0,0.0,0.0
522,24,2018,49953304,580367,37.75000000000001,19.25,0.24,0.0,3.01,0.0,1.0,0.0,0.0,0.0,0.0
523,24,2019,50951450,580367,38.27,19.48,0.16,0.0,2.97,0.0,1.0,0.0,0.0,0.0,0.0
524,24,2020,51985780,580367,36.510000000000005,19.45,0.17,0.0,3.69,0.0,1.0,0.0,0.0,0.0,0.0
525,25,2000,1998630,30355,3.49,1.75,0.0,0.0,0.0,0.0,0.0,0.0,0.0,1.0,0.0
526,25,2001,1999473,30355,3.53,1.77,0.0,0.0,0.0,0.0,0.0,0.0,0.0,1.0,0.0
527,25,2002,1997534,30355,3.6100000000000003,1.8,0.0,0.0,0.0,0.0,0.0,0.0,0.0,1.0,0.0
528,25,2003,1993030,30355,3.66,1.83,0.0,0.0,0.0,0.0,0.0,0.0,0.0,1.0,0.0
529,25,2004,1985384,30355,3.74,1.87,0.0,0.0,0.0,0.0,0.0,0.0,0.0,1.0,0.0
530,25,2005,1977424,30355,3.8,1.9,0.0,0.0,0.0,0.0,0.0,0.0,0.0,1.0,0.0
531,25,2006,1976780,30355,3.8499999999999996,1.92,0.0,0.0,0.0,0.0,0.0,0.0,0.0,1.0,0.0
532,25,2007,1983465,30355,3.92,1.96,0.0,0.0,0.0,0.0,0.0,0.0,0.0,1.0,0.0
533,25,2008,1995014,30355,4.01,2.01,0.0,0.0,0.0,0.0,0.0,0.0,0.0,1.0,0.0
534,25,2009,2009169,30355,4.21,2.1,0.0,0.0,0.0,0.0,0.0,0.0,0.0,1.0,0.0
535,25,2010,2022747,30355,4.32,2.16,0.0,0.0,0.0,0.0,0.0,0.0,0.0,1.0,0.0
536,25,2011,2037677,30355,5.78,2.89,0.0,0.0,0.0,0.0,0.0,0.0,0.0,1.0,0.0
537,25,2012,2054718,30355,5.84,2.92,0.0,0.0,0.0,0.0,0.0,0.0,0.0,1.0,0.0
538,25,2013,2073939,30355,4.42,2.21,0.0,0.0,0.0,0.0,0.0,0.0,0.0,1.0,0.0
539,25,2014,2095242,30355,4.7,2.35,0.0,0.0,0.0,0.0,0.0,0.0,0.0,1.0,0.0
540,25,2015,2118521,30355,4.290000000000001,2.14,0.0,0.0,0.0,0.0,0.0,0.0,0.0,1.0,0.0
541,25,2016,2143872,30355,4.26,2.13,0.0,0.0,0.0,0.0,0.0,0.0,0.0,1.0,0.0
542,25,2017,2170617,30355,4.8,2.4,0.0,0.0,0.0,0.0,0.0,0.0,0.0,1.0,0.0
543,25,2018,2198017,30355,4.56,2.28,0.0,0.0,0.0,0.0,0.0,0.0,0.0,1.0,0.0
544,25,2019,2225702,30355,4.609999999999999,2.3,0.0,0.0,0.0,0.0,0.0,0.0,0.0,1.0,0.0
545,25,2020,2254100,30355,4.63,2.31,0.0,0.0,0.0,0.0,0.0,0.0,0.0,1.0,0.0
546,26,2000,2895224,111369,14.25,0.43,0.1,13.39,0.03,0.0,0.0,0.0,0.0,0.0,1.0
547,26,2001,2981648,111369,14.309999999999999,0.45,0.04,13.4,0.03,0.0,0.0,0.0,0.0,0.0,1.0
548,26,2002,3060599,111369,14.319999999999999,0.44,0.03,13.41,0.02,0.0,0.0,0.0,0.0,0.0,1.0
549,26,2003,3085173,111369,14.389999999999999,0.48,0.04,13.41,0.01,0.0,0.0,0.0,0.0,0.0,1.0
550,26,2004,3122447,111369,14.51,0.56,0.03,13.41,0.05,0.0,0.0,0.0,0.0,0.0,1.0
551,26,2005,3266318,111369,14.73,0.67,0.04,13.41,0.06,0.0,0.0,0.0,0.0,0.0,1.0
552,26,2006,3455397,111369,14.77,0.69,0.05,13.41,0.06,0.0,0.0,0.0,0.0,0.0,1.0
553,26,2007,3632740,111369,14.67,0.64,0.01,13.41,0.06,0.0,0.0,0.0,0.0,0.0,1.0
554,26,2008,3783887,111369,14.499999999999998,0.54,0.01,13.41,0.04,0.0,0.0,0.0,0.0,0.0,1.0
555,26,2009,3905066,111369,14.499999999999998,0.53,0.01,13.41,0.03,0.0,0.0,0.0,0.0,0.0,1.0
556,26,2010,4019956,111369,14.889999999999999,0.73,0.02,13.41,0.03,0.0,0.0,0.0,0.0,0.0,1.0
557,26,2011,4181150,111369,15.120000000000001,0.85,0.02,13.41,0.03,0.0,0.0,0.0,0.0,0.0,1.0
558,26,2012,4331740,111369,15.300000000000002,0.94,0.02,13.41,0.05,0.0,0.0,0.0,0.0,0.0,1.0
559,26,2013,4427313,111369,15.210000000000003,0.91,0.02,13.41,0.08,0.0,0.0,0.0,0.0,0.0,1.0
560,26,2014,4519398,111369,15.76,1.21,0.03,13.41,0.11,0.0,0.0,0.0,0.0,0.0,1.0
561,26,2015,4612329,111369,15.839999999999998,1.25,0.03,13.41,0.12,0.0,0.0,0.0,0.0,0.0,1.0
562,26,2016,4706097,111369,16.150000000000002,1.4,0.03,13.41,0.09,0.0,0.0,0.0,0.0,0.0,1.0
563,26,2017,4796631,111369,15.869999999999997,1.27,0.03,13.41,0.11,0.0,0.0,0.0,0.0,0.0,1.0
564,26,2018,4889391,111369,15.58,1.13,0.03,13.41,0.13,0.0,0.0,0.0,0.0,0.0,1.0
565,26,2019,4985289,111369,15.61,1.15,0.03,13.41,0.13,0.0,0.0,0.0,0.0,0.0,1.0
566,26,2020,5087584,111369,15.649999999999999,1.18,0.03,13.41,0.16,0.0,0.0,0.0,0.0,0.0,1.0
567,27,2000,5154790,1759540,90.44,44.72,0.0,0.0,1.21,7.41,0.0,0.0,1.0,0.0,0.0
568,27,2001,5275916,1759540,89.24000000000001,44.46,0.0,0.0,1.21,6.43,0.0,0.0,1.0,0.0,0.0
569,27,2002,5405326,1759540,91.40000000000003,45.6,0.0,0.0,1.32,6.13,0.0,0.0,1.0,0.0,0.0
570,27,2003,5542641,1759540,98.1,48.93,0.0,0.0,1.4,7.59,0.0,0.0,1.0,0.0,0.0
571,27,2004,5687563,1759540,97.26999999999998,48.47,0.0,0.0,1.43,7.03,0.0,0.0,1.0,0.0,0.0
572,27,2005,5837986,1759540,106.22999999999999,53.0,0.0,0.0,1.44,7.65,0.0,0.0,1.0,0.0,0.0
573,27,2006,5973369,1759540,105.85999999999999,52.93,0.0,0.0,2.08,7.27,0.0,0.0,1.0,0.0,0.0
574,27,2007,6097177,1759540,98.81,49.4,0.0,0.0,2.02,6.32,0.0,0.0,1.0,0.0,0.0
575,27,2008,6228370,1759540,106.39999999999999,53.28,0.0,0.0,2.12,6.65,0.0,0.0,1.0,0.0,0.0
576,27,2009,6360191,1759540,112.05999999999999,56.4,0.0,0.0,2.5,5.82,0.0,0.0,1.0,0.0,0.0
577,27,2010,6491988,1759540,118.09,59.56,0.0,0.0,2.7,6.32,0.0,0.0,1.0,0.0,0.0
578,27,2011,6188132,1759540,82.07000000000001,41.51,0.0,0.0,1.34,3.66,0.0,0.0,1.0,0.0,0.0
579,27,2012,5869870,1759540,117.50999999999999,58.32,0.0,0.0,0.76,9.88,0.0,0.0,1.0,0.0,0.0
580,27,2013,5985221,1759540,119.90000000000003,59.77,0.0,0.0,0.78,6.89,0.0,0.0,1.0,0.0,0.0
581,27,2014,6097764,1759540,116.46999999999998,59.29,0.0,0.0,2.71,4.82,0.0,0.0,1.0,0.0,0.0
582,27,2015,6192235,1759540,101.14999999999999,51.33,0.0,0.0,1.94,4.34,0.0,0.0,1.0,0.0,0.0
583,27,2016,6282196,1759540,96.25,48.69,0.0,0.0,1.59,3.91,0.0,0.0,1.0,0.0,0.0
584,27,2017,6378261,1759540,103.3,52.1,0.0,0.0,1.74,6.5,0.0,0.0,1.0,0.0,0.0
585,27,2018,6477793,1759540,107.47,54.1,0.0,0.0,1.74,7.76,0.0,0.0,1.0,0.0,0.0
586,27,2019,6569088,1759540,109.06,54.69,0.0,0.0,1.4,8.51,0.0,0.0,1.0,0.0,0.0
587,27,2020,6653942,1759540,88.10000000000001,44.47,0.0,0.0,1.2,4.11,0.0,0.0,1.0,0.0,0.0
588,28,2000,16216431,587041,31.37,1.65,0.0,27.91,0.02,0.0,1.0,0.0,0.0,0.0,0.0
589,28,2001,16709665,587041,24.53,1.67,0.0,21.01,0.02,0.0,1.0,0.0,0.0,0.0,0.0
590,28,2002,17211934,587041,23.310000000000002,1.12,0.0,21.0,0.01,0.0,1.0,0.0,0.0,0.0,0.0
591,28,2003,17724310,587041,24.15,1.55,0.0,20.99,0.08,0.0,1.0,0.0,0.0,0.0,0.0
592,28,2004,18250774,587041,24.409999999999997,1.65,0.0,21.0,0.07,0.0,1.0,0.0,0.0,0.0,0.0
593,28,2005,18792171,587041,24.549999999999997,1.71,0.0,21.0,0.06,0.0,1.0,0.0,0.0,0.0,0.0
594,28,2006,19350299,587041,24.43,1.64,0.0,21.01,0.06,0.0,1.0,0.0,0.0,0.0,0.0
595,28,2007,19924958,587041,24.550000000000004,1.72,0.0,21.01,0.1,0.0,1.0,0.0,0.0,0.0,0.0
596,28,2008,20513599,587041,24.69,1.78,0.0,21.0,0.06,0.0,1.0,0.0,0.0,0.0,0.0
597,28,2009,21117092,587041,24.46,1.69,0.0,21.0,0.05,0.0,1.0,0.0,0.0,0.0,0.0
598,28,2010,21731053,587041,24.869999999999997,1.87,0.0,21.0,0.06,0.0,1.0,0.0,0.0,0.0,0.0
599,28,2011,22348158,587041,13.55,2.19,0.0,9.05,0.08,0.0,1.0,0.0,0.0,0.0,0.0
600,28,2012,22966240,587041,14.63,2.74,0.0,9.05,0.09,0.0,1.0,0.0,0.0,0.0,0.0
601,28,2013,23588073,587041,14.959999999999999,2.93,0.0,9.04,0.09,0.0,1.0,0.0,0.0,0.0,0.0
602,28,2014,24215976,587041,15.140000000000002,3.01,0.0,9.04,0.06,0.0,1.0,0.0,0.0,0.0,0.0
603,28,2015,24850912,587041,15.69,3.28,0.0,9.04,0.06,0.0,1.0,0.0,0.0,0.0,0.0
604,28,2016,25501941,587041,15.489999999999998,3.18,0.05,9.04,0.06,0.0,1.0,0.0,0.0,0.0,0.0
605,28,2017,26169542,587041,16.07,3.48,0.09,9.03,0.08,0.0,1.0,0.0,0.0,0.0,0.0
606,28,2018,26846541,587041,15.77,3.3,0.1,9.04,0.05,0.0,1.0,0.0,0.0,0.0,0.0
607,28,2019,27533134,587041,17.03,3.93,0.26,9.06,0.05,0.0,1.0,0.0,0.0,0.0,0.0
608,28,2020,28225177,587041,14.579999999999998,2.75,0.24,9.06,0.04,0.0,1.0,0.0,0.0,0.0,0.0
609,29,2000,11229387,118484,9.64,0.88,0.0,7.93,0.06,0.0,1.0,0.0,0.0,0.0,0.0
610,29,2001,11498818,118484,9.600000000000001,0.85,0.0,7.94,0.06,0.0,1.0,0.0,0.0,0.0,0.0
611,29,2002,11784498,118484,9.630000000000003,0.86,0.05,7.94,0.05,0.0,1.0,0.0,0.0,0.0,0.0
612,29,2003,12087965,118484,9.660000000000002,0.89,0.07,7.94,0.08,0.0,1.0,0.0,0.0,0.0,0.0
613,29,2004,12411342,118484,9.719999999999999,0.9,0.08,7.94,0.04,0.0,1.0,0.0,0.0,0.0,0.0
614,29,2005,12755648,118484,9.66,0.85,0.08,7.94,0.01,0.0,1.0,0.0,0.0,0.0,0.0
615,29,2006,13118307,118484,9.7,0.86,0.08,7.94,0.0,0.0,1.0,0.0,0.0,0.0,0.0
616,29,2007,13495463,118484,9.81,0.93,0.08,7.95,0.02,0.0,1.0,0.0,0.0,0.0,0.0
617,29,2008,13889423,118484,9.99,1.01,0.08,7.95,0.0,0.0,1.0,0.0,0.0,0.0,0.0
618,29,2009,14298932,118484,10.04,1.04,0.08,7.96,0.01,0.0,1.0,0.0,0.0,0.0,0.0
619,29,2010,14718422,118484,9.95,0.98,0.08,7.95,0.02,0.0,1.0,0.0,0.0,0.0,0.0
620,29,2011,15146094,118484,10.11,1.07,0.09,7.96,0.01,0.0,1.0,0.0,0.0,0.0,0.0
621,29,2012,15581251,118484,10.100000000000001,1.08,0.09,7.96,0.03,0.0,1.0,0.0,0.0,0.0,0.0
622,29,2013,16024775,118484,10.21,1.15,0.09,7.95,0.07,0.0,1.0,0.0,0.0,0.0,0.0
623,29,2014,16477966,118484,9.9,1.05,0.07,7.92,0.12,0.0,1.0,0.0,0.0,0.0,0.0
624,29,2015,16938942,118484,10.04,1.09,0.07,7.92,0.07,0.0,1.0,0.0,0.0,0.0,0.0
625,29,2016,17405624,118484,10.31,1.22,0.07,7.92,0.07,0.0,1.0,0.0,0.0,0.0,0.0
626,29,2017,17881167,118484,10.64,1.39,0.07,7.92,0.1,0.0,1.0,0.0,0.0,0.0,0.0
627,29,2018,18367883,118484,11.049999999999999,1.61,0.08,7.92,0.11,0.0,1.0,0.0,0.0,0.0,0.0
628,29,2019,18867337,118484,11.089999999999998,1.64,0.06,7.92,0.11,0.0,1.0,0.0,0.0,0.0,0.0
629,29,2020,19377061,118484,11.11,1.64,0.06,7.91,0.1,0.0,1.0,0.0,0.0,0.0,0.0
630,30,2000,11239101,1240192,2.2399999999999998,1.09,0.07,0.0,0.0,0.0,0.0,0.0,0.0,0.0,1.0
631,30,2001,11583824,1240192,2.46,1.2,0.16,0.0,0.0,0.0,0.0,0.0,0.0,0.0,1.0
632,30,2002,11952660,1240192,2.54,1.24,0.17,0.0,0.0,0.0,0.0,0.0,0.0,0.0,1.0
633,30,2003,12342165,1240192,2.6100000000000003,1.28,0.18,0.0,0.0,0.0,0.0,0.0,0.0,0.0,1.0
634,30,2004,12751995,1240192,2.96,1.45,0.22,0.0,0.0,0.0,0.0,0.0,0.0,0.0,1.0
635,30,2005,13180551,1240192,3.0799999999999996,1.5,0.15,0.0,0.0,0.0,0.0,0.0,0.0,0.0,1.0
636,30,2006,13623541,1240192,3.2299999999999995,1.58,0.08,0.0,0.0,0.0,0.0,0.0,0.0,0.0,1.0
637,30,2007,14080912,1240192,3.76,1.84,0.09,0.0,0.0,0.0,0.0,0.0,0.0,0.0,1.0
638,30,2008,14551117,1240192,4.13,2.02,0.05,0.0,0.0,0.0,0.0,0.0,0.0,0.0,1.0
639,30,2009,15032635,1240192,3.9999999999999996,1.94,0.02,0.0,0.0,0.0,0.0,0.0,0.0,0.0,1.0
640,30,2010,15529181,1240192,4.44,2.15,0.02,0.0,0.0,0.0,0.0,0.0,0.0,0.0,1.0
641,30,2011,16039734,1240192,4.829999999999999,2.35,0.01,0.0,0.0,0.0,0.0,0.0,0.0,0.0,1.0
642,30,2012,16514687,1240192,5.17,2.51,0.08,0.0,0.0,0.0,0.0,0.0,0.0,0.0,1.0
643,30,2013,17004033,1240192,5.620000000000001,2.81,0.04,0.0,0.17,0.0,0.0,0.0,0.0,0.0,1.0
644,30,2014,17551814,1240192,6.279999999999999,3.17,0.08,0.0,0.26,0.0,0.0,0.0,0.0,0.0,1.0
645,30,2015,18112907,1240192,6.609999999999999,3.34,0.06,0.0,0.24,0.0,0.0,0.0,0.0,0.0,1.0
646,30,2016,18700106,1240192,6.76,3.41,0.48,0.0,0.25,0.0,0.0,0.0,0.0,0.0,1.0
647,30,2017,19311355,1240192,7.200000000000001,3.63,0.33,0.0,0.26,0.0,0.0,0.0,0.0,0.0,1.0
648,30,2018,19934298,1240192,7.550000000000001,3.87,0.15,0.0,0.37,0.0,0.0,0.0,0.0,0.0,1.0
649,30,2019,20567424,1240192,7.7,3.94,0.16,0.0,0.39,0.0,0.0,0.0,0.0,0.0,1.0
650,30,2020,21224040,1240192,7.92,4.15,0.16,0.0,0.58,0.0,0.0,0.0,0.0,0.0,1.0
651,31,2000,2695003,1030700,2.7100000000000004,1.12,0.18,0.4,0.0,0.0,0.0,0.0,0.0,0.0,1.0
652,31,2001,2761823,1030700,2.8299999999999996,1.18,0.19,0.4,0.0,0.0,0.0,0.0,0.0,0.0,1.0
653,31,2002,2821703,1030700,2.9899999999999998,1.27,0.19,0.4,0.0,0.0,0.0,0.0,0.0,0.0,1.0
654,31,2003,2883326,1030700,3.08,1.3,0.2,0.4,0.0,0.0,0.0,0.0,0.0,0.0,1.0
655,31,2004,2946575,1030700,3.3,1.41,0.23,0.4,0.0,0.0,0.0,0.0,0.0,0.0,1.0
656,31,2005,3012360,1030700,3.3699999999999997,1.45,0.19,0.4,0.0,0.0,0.0,0.0,0.0,0.0,1.0
657,31,2006,3081229,1030700,3.3700000000000006,1.46,0.18,0.4,0.0,0.0,0.0,0.0,0.0,0.0,1.0
658,31,2007,3153508,1030700,3.8799999999999994,1.72,0.19,0.4,0.0,0.0,0.0,0.0,0.0,0.0,1.0
659,31,2008,3233336,1030700,4.05,1.8,0.14,0.4,0.0,0.0,0.0,0.0,0.0,0.0,1.0
660,31,2009,3322616,1030700,4.46,1.99,0.15,0.4,0.0,0.0,0.0,0.0,0.0,0.0,1.0
661,31,2010,3419461,1030700,4.6,2.07,0.14,0.4,0.0,0.0,0.0,0.0,0.0,0.0,1.0
662,31,2011,3524249,1030700,4.82,2.18,0.14,0.4,0.0,0.0,0.0,0.0,0.0,0.0,1.0
663,31,2012,3636113,1030700,5.180000000000001,2.36,0.14,0.4,0.0,0.0,0.0,0.0,0.0,0.0,1.0
664,31,2013,3742959,1030700,4.680000000000001,2.1,0.13,0.4,0.0,0.0,0.0,0.0,0.0,0.0,1.0
665,31,2014,3843174,1030700,5.53,2.53,0.14,0.4,0.0,0.0,0.0,0.0,0.0,0.0,1.0
666,31,2015,3946220,1030700,6.390000000000001,2.97,0.18,0.4,0.0,0.0,0.0,0.0,0.0,0.0,1.0
667,31,2016,4051890,1030700,5.23,2.58,0.16,0.0,0.0,0.0,0.0,0.0,0.0,0.0,1.0
668,31,2017,4160015,1030700,6.890000000000001,3.41,0.24,0.0,0.0,0.0,0.0,0.0,0.0,0.0,1.0
669,31,2018,4270712,1030700,7.500000000000001,3.72,0.17,0.0,0.0,0.0,0.0,0.0,0.0,0.0,1.0
670,31,2019,4383849,1030700,7.709999999999999,3.82,0.19,0.0,0.0,0.0,0.0,0.0,0.0,0.0,1.0
671,31,2020,4498604,1030700,7.760000000000001,3.85,0.19,0.0,0.0,0.0,0.0,0.0,0.0,0.0,1.0
672,32,2000,1186873,2040,6.180000000000001,2.43,0.01,0.0,0.0,0.0,1.0,0.0,0.0,0.0,0.0
673,32,2001,1196287,2040,6.4799999999999995,2.57,0.01,0.08,0.0,0.0,1.0,0.0,0.0,0.0,0.0
674,32,2002,1204621,2040,6.47,2.61,0.01,0.08,0.0,0.0,1.0,0.0,0.0,0.0,0.0
675,32,2003,1213370,2040,6.679999999999999,2.75,0.01,0.08,0.0,0.0,1.0,0.0,0.0,0.0,0.0
676,32,2004,1221003,2040,6.79,2.77,0.01,0.08,0.0,0.0,1.0,0.0,0.0,0.0,0.0
677,32,2005,1228254,2040,7.34,2.96,0.01,0.08,0.0,0.0,1.0,0.0,0.0,0.0,0.0
678,32,2006,1233996,2040,7.989999999999999,3.3,0.01,0.08,0.0,0.0,1.0,0.0,0.0,0.0,0.0
679,32,2007,1239630,2040,8.280000000000001,3.4,0.01,0.08,0.0,0.0,1.0,0.0,0.0,0.0,0.0
680,32,2008,1244121,2040,8.5,3.47,0.01,0.08,0.0,0.0,1.0,0.0,0.0,0.0,0.0
681,32,2009,1247429,2040,8.27,3.42,0.01,0.08,0.0,0.0,1.0,0.0,0.0,0.0,0.0
682,32,2010,1250400,2040,8.879999999999999,3.66,0.01,0.08,0.0,0.0,1.0,0.0,0.0,0.0,0.0
683,32,2011,1252404,2040,8.959999999999999,3.64,0.01,0.01,0.0,0.0,1.0,0.0,0.0,0.0,0.0
684,32,2012,1255882,2040,9.0,3.73,0.01,0.01,0.0,0.0,1.0,0.0,0.0,0.0,0.0
685,32,2013,1258927,2040,9.24,3.82,0.01,0.01,0.0,0.0,1.0,0.0,0.0,0.0,0.0
686,32,2014,1261208,2040,9.6,3.95,0.01,0.01,0.0,0.0,1.0,0.0,0.0,0.0,0.0
687,32,2015,1262879,2040,9.65,3.96,0.01,0.01,0.0,0.0,1.0,0.0,0.0,0.0,0.0
688,32,2016,1263747,2040,10.03,4.04,0.01,0.0,0.0,0.0,1.0,0.0,0.0,0.0,0.0
689,32,2017,1264887,2040,10.76,4.17,0.01,0.0,0.0,0.0,1.0,0.0,0.0,0.0,0.0
690,32,2018,1265577,2040,11.049999999999999,4.13,0.01,0.0,0.0,0.0,1.0,0.0,0.0,0.0,0.0
691,32,2019,1265985,2040,11.3,4.17,0.01,0.0,0.0,0.0,1.0,0.0,0.0,0.0,0.0
692,32,2020,1266014,2040,9.79,3.72,0.01,0.0,0.0,0.0,1.0,0.0,0.0,0.0,0.0
693,33,2000,28554415,446550,63.39,32.88,1.27,0.0,3.33,0.0,0.0,0.0,1.0,0.0,0.0
694,33,2001,28930097,446550,69.41,36.27,1.34,0.0,4.08,0.0,0.0,0.0,1.0,0.0,0.0
695,33,2002,29301817,446550,71.76,37.47,1.36,0.0,4.13,0.0,0.0,0.0,1.0,0.0,0.0
696,33,2003,29661270,446550,71.28,37.25,1.42,0.0,4.18,0.0,0.0,0.0,1.0,0.0,0.0
697,33,2004,30033125,446550,78.72,41.01,1.5,0.0,4.4,0.0,0.0,0.0,1.0,0.0,0.0
698,33,2005,30431902,446550,84.05,43.58,1.59,0.0,4.36,0.0,0.0,0.0,1.0,0.0,0.0
699,33,2006,30833022,446550,86.91000000000001,44.99,1.65,0.0,4.47,0.0,0.0,0.0,1.0,0.0,0.0
700,33,2007,31232633,446550,89.30000000000001,46.34,1.67,0.0,5.0,0.0,0.0,0.0,1.0,0.0,0.0
701,33,2008,31634992,446550,93.44000000000001,48.63,1.72,0.0,5.46,0.0,0.0,0.0,1.0,0.0,0.0
702,33,2009,32042877,446550,93.55999999999999,48.77,2.0,0.0,5.6,0.0,0.0,0.0,1.0,0.0,0.0
703,33,2010,32464865,446550,100.35,51.75,2.04,0.0,5.36,0.0,0.0,0.0,1.0,0.0,0.0
704,33,2011,32903699,446550,108.86999999999999,55.92,2.15,0.0,5.19,0.0,0.0,0.0,1.0,0.0,0.0
705,33,2012,33352169,446550,112.36,58.08,2.24,0.0,5.84,0.0,0.0,0.0,1.0,0.0,0.0
706,33,2013,33803527,446550,111.30000000000001,57.6,2.32,0.0,6.07,0.0,0.0,0.0,1.0,0.0,0.0
707,33,2014,34248603,446550,114.57000000000001,58.69,2.38,0.0,5.17,0.0,0.0,0.0,1.0,0.0,0.0
708,33,2015,34680458,446550,117.96,60.36,2.52,0.0,5.25,0.0,0.0,0.0,1.0,0.0,0.0
709,33,2016,35107264,446550,117.85000000000001,60.29,2.61,0.0,5.21,0.02,0.0,0.0,1.0,0.0,0.0
710,33,2017,35528115,446550,123.57000000000001,63.01,2.75,0.0,5.06,0.0,0.0,0.0,1.0,0.0,0.0
711,33,2018,35927511,446550,126.44999999999999,64.29,2.83,0.0,4.88,0.0,0.0,0.0,1.0,0.0,0.0
712,33,2019,36304408,446550,139.87,70.99,2.97,0.0,5.0,0.0,0.0,0.0,1.0,0.0,0.0
713,33,2020,36688772,446550,130.26999999999998,66.72,2.64,0.0,4.49,0.0,0.0,0.0,1.0,0.0,0.0
714,34,2000,17768505,801590,51.24999999999999,1.43,0.01,48.36,0.11,0.0,1.0,0.0,0.0,0.0,0.0
715,34,2001,18220716,801590,51.779999999999994,1.41,0.02,48.93,0.11,0.0,1.0,0.0,0.0,0.0,0.0
716,34,2002,18694946,801590,52.010000000000005,1.57,0.01,48.93,0.2,0.0,1.0,0.0,0.0,0.0,0.0
717,34,2003,19186754,801590,52.76,1.9,0.02,48.93,0.24,0.0,1.0,0.0,0.0,0.0,0.0
718,34,2004,19694411,801590,52.789999999999985,1.91,0.02,48.93,0.22,0.0,1.0,0.0,0.0,0.0,0.0
719,34,2005,20211114,801590,52.28999999999999,1.71,0.01,48.93,0.19,0.0,1.0,0.0,0.0,0.0,0.0
720,34,2006,20735982,801590,52.6,1.86,0.02,48.93,0.24,0.0,1.0,0.0,0.0,0.0,0.0
721,34,2007,21280513,801590,53.33,2.23,0.02,48.93,0.26,0.0,1.0,0.0,0.0,0.0,0.0
722,34,2008,21845571,801590,53.31,2.24,0.02,48.93,0.29,0.0,1.0,0.0,0.0,0.0,0.0
723,34,2009,22436660,801590,53.830000000000005,2.49,0.02,48.93,0.3,0.0,1.0,0.0,0.0,0.0,0.0
724,34,2010,23073723,801590,54.14000000000001,2.68,0.02,48.93,0.34,0.0,1.0,0.0,0.0,0.0,0.0
725,34,2011,23760421,801590,51.89999999999999,3.29,0.02,45.58,0.37,0.0,1.0,0.0,0.0,0.0,0.0
726,34,2012,24487611,801590,52.529999999999994,3.64,0.02,45.58,0.45,0.0,1.0,0.0,0.0,0.0,0.0
727,34,2013,25251731,801590,53.519999999999996,4.15,0.03,45.58,0.51,0.01,1.0,0.0,0.0,0.0,0.0
728,34,2014,26038704,801590,54.76000000000001,4.82,0.06,45.58,0.59,0.02,1.0,0.0,0.0,0.0,0.0
729,34,2015,26843246,801590,56.03999999999999,5.48,0.19,45.58,0.61,0.01,1.0,0.0,0.0,0.0,0.0
730,34,2016,27696493,801590,66.49000000000001,7.24,0.17,52.83,0.95,0.0,1.0,0.0,0.0,0.0,0.0
731,34,2017,28569441,801590,66.33,7.16,0.11,52.83,0.91,0.02,1.0,0.0,0.0,0.0,0.0
732,34,2018,29423878,801590,65.75,6.88,0.0,52.83,0.93,0.01,1.0,0.0,0.0,0.0,0.0
733,34,2019,30285595,801590,66.94999999999999,7.53,0.03,52.83,1.05,0.01,1.0,0.0,0.0,0.0,0.0
734,34,2020,31178239,801590,65.7,6.95,0.03,52.83,1.09,0.01,1.0,0.0,0.0,0.0,0.0
735,35,2000,1819141,825615,14.58,1.94,0.61,10.56,0.0,0.0,0.0,0.0,0.0,1.0,0.0
736,35,2001,1856402,825615,15.530000000000001,2.46,0.82,10.56,0.0,0.0,0.0,0.0,0.0,1.0,0.0
737,35,2002,1888525,825615,14.87,2.13,0.71,10.56,0.0,0.0,0.0,0.0,0.0,1.0,0.0
738,35,2003,1915425,825615,15.18,2.27,0.76,10.56,0.0,0.0,0.0,0.0,0.0,1.0,0.0
739,35,2004,1939406,825615,15.370000000000001,2.38,0.8,10.56,0.0,0.0,0.0,0.0,0.0,1.0,0.0
740,35,2005,1962865,825615,15.639999999999997,2.53,0.71,10.56,0.0,0.0,0.0,0.0,0.0,1.0,0.0
741,35,2006,1986558,825615,15.62,2.49,0.73,10.56,0.0,0.0,0.0,0.0,0.0,1.0,0.0
742,35,2007,2011492,825615,15.73,2.55,0.75,10.56,0.0,0.0,0.0,0.0,0.0,1.0,0.0
743,35,2008,2038552,825615,16.519999999999996,2.93,0.93,10.56,0.0,0.0,0.0,0.0,0.0,1.0,0.0
744,35,2009,2067919,825615,16.66,3.0,0.97,10.56,0.0,0.0,0.0,0.0,0.0,1.0,0.0
745,35,2010,2099271,825615,16.850000000000005,3.1,1.05,10.56,0.0,0.0,0.0,0.0,0.0,1.0,0.0
746,35,2011,2132340,825615,17.12,3.3,1.08,10.56,0.15,0.0,0.0,0.0,0.0,1.0,0.0
747,35,2012,2167470,825615,17.450000000000003,3.51,1.15,10.56,0.22,0.0,0.0,0.0,0.0,1.0,0.0
748,35,2013,2204510,825615,17.92,3.76,1.26,10.56,0.27,0.0,0.0,0.0,0.0,1.0,0.0
749,35,2014,2243001,825615,18.230000000000004,3.93,1.34,10.56,0.3,0.0,0.0,0.0,0.0,1.0,0.0
750,35,2015,2282704,825615,18.610000000000003,4.14,1.39,10.56,0.33,0.0,0.0,0.0,0.0,1.0,0.0
751,35,2016,2323352,825615,18.7,4.15,1.43,10.56,0.26,0.0,0.0,0.0,0.0,1.0,0.0
752,35,2017,2364534,825615,18.720000000000002,4.22,1.38,10.56,0.41,0.0,0.0,0.0,0.0,1.0,0.0
753,35,2018,2405680,825615,18.740000000000006,4.28,1.39,10.56,0.48,0.0,0.0,0.0,0.0,1.0,0.0
754,35,2019,2446644,825615,18.790000000000003,4.32,1.37,10.56,0.52,0.0,0.0,0.0,0.0,1.0,0.0
755,35,2020,2489098,825615,18.03,3.95,1.25,10.56,0.47,0.0,0.0,0.0,0.0,1.0,0.0
756,36,2000,11622665,1267000,7.0200000000000005,0.66,0.0,5.67,0.01,0.0,0.0,0.0,0.0,0.0,1.0
757,36,2001,12031430,1267000,2.5699999999999994,0.66,0.0,1.23,0.01,0.0,0.0,0.0,0.0,0.0,1.0
758,36,2002,12456517,1267000,2.619999999999999,0.69,0.0,1.23,0.01,0.0,0.0,0.0,0.0,0.0,1.0
759,36,2003,12900790,1267000,2.75,0.75,0.0,1.23,0.01,0.0,0.0,0.0,0.0,0.0,1.0
760,36,2004,13366885,1267000,2.8,0.78,0.0,1.23,0.0,0.0,0.0,0.0,0.0,0.0,1.0
761,36,2005,13855221,1267000,2.76,0.74,0.0,1.23,0.01,0.0,0.0,0.0,0.0,0.0,1.0
762,36,2006,14365168,1267000,2.7399999999999998,0.74,0.0,1.23,0.01,0.0,0.0,0.0,0.0,0.0,1.0
763,36,2007,14897873,1267000,2.8800000000000003,0.81,0.0,1.23,0.01,0.0,0.0,0.0,0.0,0.0,1.0
764,36,2008,15455175,1267000,2.97,0.85,0.0,1.23,0.01,0.0,0.0,0.0,0.0,0.0,1.0
765,36,2009,16037915,1267000,3.4200000000000004,1.08,0.0,1.23,0.01,0.0,0.0,0.0,0.0,0.0,1.0
766,36,2010,16647543,1267000,3.9900000000000007,1.36,0.0,1.23,0.0,0.0,0.0,0.0,0.0,0.0,1.0
767,36,2011,17283112,1267000,4.04,1.4,0.0,1.23,0.02,0.0,0.0,0.0,0.0,0.0,1.0
768,36,2012,17954407,1267000,5.029999999999999,1.89,0.0,1.23,0.02,0.0,0.0,0.0,0.0,0.0,1.0
769,36,2013,18653199,1267000,5.25,1.98,0.0,1.23,0.02,0.18,0.0,0.0,0.0,0.0,1.0
770,36,2014,19372014,1267000,5.62,2.16,0.0,1.23,0.02,0.17,0.0,0.0,0.0,0.0,1.0
771,36,2015,20128124,1267000,5.55,2.11,0.0,1.23,0.02,0.1,0.0,0.0,0.0,0.0,1.0
772,36,2016,20921743,1267000,5.56,2.1,0.0,1.24,0.02,0.09,0.0,0.0,0.0,0.0,1.0
773,36,2017,21737922,1267000,5.1499999999999995,1.9,0.0,1.24,0.02,0.07,0.0,0.0,0.0,0.0,1.0
774,36,2018,22577058,1267000,5.26,1.96,0.0,1.24,0.03,0.06,0.0,0.0,0.0,0.0,1.0
775,36,2019,23443393,1267000,5.659999999999999,2.16,0.0,1.24,0.03,0.06,0.0,0.0,0.0,0.0,1.0
776,36,2020,24333639,1267000,5.6899999999999995,2.2,0.0,1.24,0.03,0.06,0.0,0.0,0.0,0.0,1.0
777,37,2000,122851984,923768,241.20000000000002,97.22,1.17,45.99,1.01,52.49,0.0,0.0,0.0,0.0,1.0
778,37,2001,126152678,923768,250.70000000000002,101.95,0.69,45.99,0.97,51.77,0.0,0.0,0.0,0.0,1.0
779,37,2002,129583026,923768,231.24,92.24,0.59,45.99,0.84,40.57,0.0,0.0,0.0,0.0,1.0
780,37,2003,133119801,923768,248.88000000000002,100.99,0.64,45.99,0.92,46.02,0.0,0.0,0.0,0.0,1.0
781,37,2004,136756848,923768,244.47,98.72,0.77,45.99,0.92,43.7,0.0,0.0,0.0,0.0,1.0
782,37,2005,140490722,923768,244.37,98.72,2.28,45.99,1.07,41.04,0.0,0.0,0.0,0.0,1.0
783,37,2006,144329764,923768,224.19000000000003,88.77,3.35,45.99,1.3,35.98,0.0,0.0,0.0,0.0,1.0
784,37,2007,148294028,923768,208.38,81.12,3.32,45.99,1.82,31.39,0.0,0.0,0.0,0.0,1.0
785,37,2008,152382506,923768,219.77999999999997,86.93,2.73,45.99,3.85,29.98,0.0,0.0,0.0,0.0,1.0
786,37,2009,156595758,923768,199.22999999999996,76.95,1.18,45.99,3.85,28.74,0.0,0.0,0.0,0.0,1.0
787,37,2010,160952853,923768,224.72,90.06,4.0,45.99,3.86,29.3,0.0,0.0,0.0,0.0,1.0
788,37,2011,165463745,923768,233.86999999999998,95.0,3.29,45.99,4.59,23.94,0.0,0.0,0.0,0.0,1.0
789,37,2012,170075932,923768,233.11999999999998,95.34,4.18,45.99,6.12,18.58,0.0,0.0,0.0,0.0,1.0
790,37,2013,174726123,923768,256.7,108.12,5.31,45.99,7.79,18.04,0.0,0.0,0.0,0.0,1.0
791,37,2014,179379016,923768,270.03,114.82,6.5,45.99,7.75,16.26,0.0,0.0,0.0,0.0,1.0
792,37,2015,183995785,923768,255.62000000000003,107.75,5.28,45.99,8.14,14.79,0.0,0.0,0.0,0.0,1.0
793,37,2016,188666931,923768,261.44,110.82,0.77,45.99,8.53,14.11,0.0,0.0,0.0,0.0,1.0
794,37,2017,193495907,923768,258.2,108.48,0.84,45.99,7.36,14.77,0.0,0.0,0.0,0.0,1.0
795,37,2018,198387623,923768,267.8500000000001,113.63,0.54,45.99,8.53,14.36,0.0,0.0,0.0,0.0,1.0
796,37,2019,203304492,923768,278.71000000000004,119.54,0.55,45.99,8.91,15.12,0.0,0.0,0.0,0.0,1.0
797,37,2020,208327405,923768,261.89,111.98,0.54,45.99,9.96,13.9,0.0,0.0,0.0,0.0,1.0
798,38,2000,3134030,342000,17.159999999999997,4.35,0.0,8.39,0.01,3.84,0.0,1.0,0.0,0.0,0.0
799,38,2001,3254101,342000,16.87,4.24,0.0,8.28,0.0,3.61,0.0,1.0,0.0,0.0,0.0
800,38,2002,3331158,342000,13.899999999999999,2.76,0.0,8.29,0.0,2.25,0.0,1.0,0.0,0.0,0.0
801,38,2003,3424653,342000,14.809999999999999,3.22,0.0,8.26,0.0,2.47,0.0,1.0,0.0,0.0,0.0
802,38,2004,3543012,342000,15.369999999999997,3.51,0.0,8.26,0.0,2.73,0.0,1.0,0.0,0.0,0.0
803,38,2005,3672839,342000,16.979999999999997,4.31,0.0,8.28,0.04,3.43,0.0,1.0,0.0,0.0,0.0
804,38,2006,3813323,342000,17.93,4.78,0.0,8.3,0.04,3.72,0.0,1.0,0.0,0.0,0.0
805,38,2007,3956329,342000,16.779999999999998,4.15,0.0,8.28,0.04,3.02,0.0,1.0,0.0,0.0,0.0
806,38,2008,4089602,342000,17.3,4.36,0.0,8.33,0.04,2.95,0.0,1.0,0.0,0.0,0.0
807,38,2009,4257230,342000,18.13,4.84,0.0,8.33,0.04,3.23,0.0,1.0,0.0,0.0,0.0
808,38,2010,4437884,342000,19.3,5.42,0.0,8.35,0.03,3.56,0.0,1.0,0.0,0.0,0.0
809,38,2011,4584216,342000,19.34,5.38,0.0,8.43,0.03,3.26,0.0,1.0,0.0,0.0,0.0
810,38,2012,4713257,342000,19.23,5.26,0.0,8.63,0.06,2.97,0.0,1.0,0.0,0.0,0.0
811,38,2013,4828066,342000,19.330000000000002,5.31,0.0,8.67,0.1,2.69,0.0,1.0,0.0,0.0,0.0
812,38,2014,4944861,342000,19.04,5.18,0.0,8.73,0.18,2.38,0.0,1.0,0.0,0.0,0.0
813,38,2015,5064386,342000,19.92,5.66,0.0,8.73,0.27,2.22,0.0,1.0,0.0,0.0,0.0
814,38,2016,5186824,342000,20.4,5.5,0.0,9.64,0.37,2.15,0.0,1.0,0.0,0.0,0.0
815,38,2017,5312340,342000,20.16,5.41,0.0,9.65,0.41,2.15,0.0,1.0,0.0,0.0,0.0
816,38,2018,5441062,342000,21.959999999999997,6.22,0.0,9.69,0.27,2.98,0.0,1.0,0.0,0.0,0.0
817,38,2019,5570733,342000,23.54,7.01,0.0,9.72,0.28,3.15,0.0,1.0,0.0,0.0,0.0
818,38,2020,5702174,342000,23.85,7.15,0.0,9.68,0.23,3.38,0.0,1.0,0.0,0.0,0.0
819,39,2000,8109989,26338,3.8399999999999994,0.66,0.02,2.49,0.03,0.0,1.0,0.0,0.0,0.0,0.0
820,39,2001,8223941,26338,3.66,0.67,0.02,2.27,0.04,0.0,1.0,0.0,0.0,0.0,0.0
821,39,2002,8372306,26338,3.88,0.8,0.02,2.26,0.04,0.0,1.0,0.0,0.0,0.0,0.0
822,39,2003,8567992,26338,3.64,0.68,0.02,2.26,0.04,0.0,1.0,0.0,0.0,0.0,0.0
823,39,2004,8791853,26338,3.61,0.66,0.02,2.26,0.04,0.0,1.0,0.0,0.0,0.0,0.0
824,39,2005,9026299,26338,3.7100000000000004,0.72,0.02,2.26,0.04,0.0,1.0,0.0,0.0,0.0,0.0
825,39,2006,9270066,26338,3.7299999999999995,0.72,0.02,2.26,0.04,0.0,1.0,0.0,0.0,0.0,0.0
826,39,2007,9523168,26338,3.6300000000000003,0.65,0.02,2.27,0.04,0.0,1.0,0.0,0.0,0.0,0.0
827,39,2008,9781996,26338,3.62,0.65,0.02,2.27,0.04,0.0,1.0,0.0,0.0,0.0,0.0
828,39,2009,10043737,26338,3.67,0.67,0.02,2.27,0.03,0.0,1.0,0.0,0.0,0.0,0.0
829,39,2010,10309031,26338,3.7199999999999993,0.7,0.02,2.26,0.03,0.0,1.0,0.0,0.0,0.0,0.0
830,39,2011,10576932,26338,2.9,0.74,0.02,1.37,0.03,0.0,1.0,0.0,0.0,0.0,0.0
831,39,2012,10840334,26338,3.0700000000000003,0.81,0.02,1.37,0.03,0.0,1.0,0.0,0.0,0.0,0.0
832,39,2013,11101350,26338,3.25,0.9,0.02,1.37,0.03,0.0,1.0,0.0,0.0,0.0,0.0
833,39,2014,11368451,26338,3.3,0.92,0.02,1.37,0.04,0.0,1.0,0.0,0.0,0.0,0.0
834,39,2015,11642959,26338,3.5900000000000003,1.08,0.01,1.37,0.07,0.0,1.0,0.0,0.0,0.0,0.0
835,39,2016,11930899,26338,3.61,1.15,0.01,1.28,0.11,0.0,1.0,0.0,0.0,0.0,0.0
836,39,2017,12230339,26338,3.81,1.26,0.01,1.27,0.13,0.0,1.0,0.0,0.0,0.0,0.0
837,39,2018,12531808,26338,4.1,1.4,0.01,1.27,0.13,0.0,1.0,0.0,0.0,0.0,0.0
838,39,2019,12835028,26338,4.18,1.45,0.01,1.26,0.15,0.0,1.0,0.0,0.0,0.0,0.0
839,39,2020,13146362,26338,3.97,1.38,0.01,1.26,0.15,0.0,1.0,0.0,0.0,0.0,0.0
841,40,2001,146258,964,0.12000000000000001,0.05,0.0,0.01,0.0,0.0,0.0,1.0,0.0,0.0,0.0
842,40,2002,149841,964,0.15,0.06,0.0,0.01,0.0,0.0,0.0,1.0,0.0,0.0,0.0
843,40,2003,153762,964,0.16,0.07,0.0,0.01,0.0,0.0,0.0,1.0,0.0,0.0,0.0
844,40,2004,157697,964,0.17,0.07,0.0,0.01,0.0,0.0,0.0,1.0,0.0,0.0,0.0
845,40,2005,161680,964,0.19,0.08,0.0,0.01,0.0,0.0,0.0,1.0,0.0,0.0,0.0
846,40,2006,165725,964,0.19,0.08,0.0,0.01,0.0,0.0,0.0,1.0,0.0,0.0,0.0
847,40,2007,169845,964,0.19,0.08,0.0,0.01,0.0,0.0,0.0,1.0,0.0,0.0,0.0
848,40,2008,174004,964,0.22,0.09,0.0,0.01,0.0,0.0,0.0,1.0,0.0,0.0,0.0
849,40,2009,178128,964,0.23,0.09,0.0,0.01,0.0,0.0,0.0,1.0,0.0,0.0,0.0
850,40,2010,182138,964,0.24000000000000002,0.1,0.0,0.01,0.0,0.0,0.0,1.0,0.0,0.0,0.0
851,40,2011,186044,964,0.45999999999999996,0.1,0.0,0.22,0.0,0.0,0.0,1.0,0.0,0.0,0.0
852,40,2012,189924,964,0.49,0.12,0.0,0.22,0.0,0.0,0.0,1.0,0.0,0.0,0.0
853,40,2013,193757,964,0.49,0.12,0.0,0.22,0.0,0.0,0.0,1.0,0.0,0.0,0.0
854,40,2014,197497,964,0.49,0.12,0.0,0.22,0.0,0.0,0.0,1.0,0.0,0.0,0.0
855,40,2015,201124,964,0.49,0.12,0.0,0.22,0.0,0.0,0.0,1.0,0.0,0.0,0.0
856,40,2016,204632,964,0.5,0.13,0.0,0.22,0.0,0.0,0.0,1.0,0.0,0.0,0.0
857,40,2017,208036,964,0.52,0.13,0.0,0.22,0.0,0.0,0.0,1.0,0.0,0.0,0.0
858,40,2018,211344,964,0.53,0.14,0.0,0.22,0.0,0.0,0.0,1.0,0.0,0.0,0.0
859,40,2019,214599,964,0.53,0.14,0.0,0.22,0.0,0.0,0.0,1.0,0.0,0.0,0.0
860,40,2020,218641,964,0.53,0.14,0.0,0.22,0.0,0.0,0.0,1.0,0.0,0.0,0.0
861,41,2000,9704287,196722,13.53,4.06,0.0,4.89,0.54,0.0,0.0,0.0,0.0,0.0,1.0
862,41,2001,9938027,196722,15.56,4.46,0.0,6.37,0.62,0.0,0.0,0.0,0.0,0.0,1.0
863,41,2002,10180950,196722,15.610000000000001,4.58,0.0,6.37,0.66,0.0,0.0,0.0,0.0,0.0,1.0
864,41,2003,10434504,196722,15.610000000000001,4.49,0.0,6.37,0.68,0.0,0.0,0.0,0.0,0.0,1.0
865,41,2004,10698691,196722,17.220000000000002,5.39,0.0,6.37,0.95,0.0,0.0,0.0,0.0,0.0,1.0
866,41,2005,10974057,196722,17.770000000000003,5.67,0.0,6.37,1.04,0.0,0.0,0.0,0.0,0.0,1.0
867,41,2006,11263387,196722,17.420000000000005,5.57,0.0,6.37,1.13,0.0,0.0,0.0,0.0,0.0,1.0
868,41,2007,11563869,196722,18.810000000000006,6.2,0.0,6.37,1.22,0.0,0.0,0.0,0.0,0.0,1.0
869,41,2008,11872929,196722,19.290000000000003,6.44,0.0,6.37,1.19,0.0,0.0,0.0,0.0,0.0,1.0
870,41,2009,12195029,196722,19.249999999999996,6.67,0.0,6.37,1.28,0.0,0.0,0.0,0.0,0.0,1.0
871,41,2010,12530121,196722,19.75,7.03,0.03,6.37,1.57,0.0,0.0,0.0,0.0,0.0,1.0
872,41,2011,12875880,196722,18.740000000000002,7.57,0.03,4.47,1.79,0.0,0.0,0.0,0.0,0.0,1.0
873,41,2012,13231833,196722,18.430000000000003,7.45,0.03,4.47,1.79,0.0,0.0,0.0,0.0,0.0,1.0
874,41,2013,13595566,196722,19.47,8.01,0.03,4.47,2.02,0.0,0.0,0.0,0.0,0.0,1.0
875,41,2014,13970308,196722,20.619999999999997,8.57,0.03,4.47,1.9,0.0,0.0,0.0,0.0,0.0,1.0
876,41,2015,14356181,196722,22.509999999999998,9.29,0.03,4.47,1.79,0.0,0.0,0.0,0.0,0.0,1.0
877,41,2016,14751356,196722,23.71,10.13,0.03,4.33,2.0,0.0,0.0,0.0,0.0,0.0,1.0
878,41,2017,15157793,196722,22.51,9.8,0.0,4.33,2.01,0.0,0.0,0.0,0.0,0.0,1.0
879,41,2018,15574909,196722,23.87,10.18,0.0,4.33,2.1,0.0,0.0,0.0,0.0,0.0,1.0
880,41,2019,16000781,196722,27.52,12.3,0.0,4.33,2.63,0.0,0.0,0.0,0.0,0.0,1.0
881,41,2020,16436120,196722,24.18,10.68,0.0,4.33,2.71,0.0,0.0,0.0,0.0,0.0,1.0
882,42,2000,81131,452,1.19,0.29,0.04,0.0,0.0,0.0,1.0,0.0,0.0,0.0,0.0
883,42,2001,81202,452,1.29,0.32,0.06,0.0,0.0,0.0,1.0,0.0,0.0,0.0,0.0
884,42,2002,83723,452,1.21,0.35,0.06,0.0,0.0,0.0,1.0,0.0,0.0,0.0,0.0
885,42,2003,82781,452,1.2000000000000002,0.34,0.07,0.0,0.0,0.0,1.0,0.0,0.0,0.0,0.0
886,42,2004,82475,452,1.58,0.38,0.02,0.0,0.0,0.0,1.0,0.0,0.0,0.0,0.0
887,42,2005,82858,452,1.47,0.38,0.03,0.0,0.0,0.0,1.0,0.0,0.0,0.0,0.0
888,42,2006,84600,452,1.55,0.39,0.04,0.0,0.0,0.0,1.0,0.0,0.0,0.0,0.0
889,42,2007,85033,452,1.36,0.4,0.0,0.0,0.0,0.0,1.0,0.0,0.0,0.0,0.0
890,42,2008,86956,452,1.46,0.42,0.0,0.0,0.0,0.0,1.0,0.0,0.0,0.0,0.0
891,42,2009,87298,452,1.5000000000000002,0.45,0.03,0.0,0.0,0.0,1.0,0.0,0.0,0.0,0.0
892,42,2010,89770,452,1.47,0.44,0.08,0.0,0.0,0.0,1.0,0.0,0.0,0.0,0.0
893,42,2011,87441,452,1.3800000000000001,0.41,0.04,0.0,0.0,0.0,1.0,0.0,0.0,0.0,0.0
894,42,2012,88303,452,1.45,0.42,0.05,0.0,0.0,0.0,1.0,0.0,0.0,0.0,0.0
895,42,2013,89949,452,1.39,0.41,0.02,0.0,0.0,0.0,1.0,0.0,0.0,0.0,0.0
896,42,2014,91359,452,1.49,0.46,0.05,0.0,0.0,0.0,1.0,0.0,0.0,0.0,0.0
897,42,2015,93419,452,1.6,0.5,0.06,0.0,0.0,0.0,1.0,0.0,0.0,0.0,0.0
898,42,2016,94677,452,1.75,0.57,0.09,0.0,0.0,0.0,1.0,0.0,0.0,0.0,0.0
899,42,2017,95843,452,1.8200000000000003,0.57,0.05,0.0,0.0,0.0,1.0,0.0,0.0,0.0,0.0
900,42,2018,96762,452,1.74,0.6,0.04,0.0,0.0,0.0,1.0,0.0,0.0,0.0,0.0
901,42,2019,97625,452,1.68,0.6,0.04,0.0,0.0,0.0,1.0,0.0,0.0,0.0,0.0
902,42,2020,98462,452,1.68,0.6,0.04,0.0,0.0,0.0,1.0,0.0,0.0,0.0,0.0
903,43,2000,4584067,71740,4.050000000000001,0.33,0.0,3.35,0.0,0.0,0.0,0.0,0.0,0.0,1.0
904,43,2001,4857096,71740,4.26,0.44,0.0,3.35,0.0,0.0,0.0,0.0,0.0,0.0,1.0
905,43,2002,5140113,71740,4.38,0.5,0.0,3.35,0.0,0.0,0.0,0.0,0.0,0.0,1.0
906,43,2003,5350907,71740,4.48,0.55,0.0,3.35,0.0,0.0,0.0,0.0,0.0,0.0,1.0
907,43,2004,5533329,71740,4.46,0.53,0.0,3.35,0.0,0.0,0.0,0.0,0.0,0.0,1.0
908,43,2005,5683334,71740,4.289999999999999,0.45,0.0,3.35,0.0,0.0,0.0,0.0,0.0,0.0,1.0
909,43,2006,5809774,71740,4.57,0.59,0.0,3.35,0.0,0.0,0.0,0.0,0.0,0.0,1.0
910,43,2007,5939163,71740,4.39,0.5,0.12,3.35,0.0,0.0,0.0,0.0,0.0,0.0,1.0
911,43,2008,6090860,71740,4.420000000000001,0.52,0.17,3.35,0.0,0.0,0.0,0.0,0.0,0.0,1.0
912,43,2009,6259842,71740,4.43,0.52,0.13,3.35,0.0,0.0,0.0,0.0,0.0,0.0,1.0
913,43,2010,6436698,71740,4.5200000000000005,0.56,0.12,3.35,0.0,0.0,0.0,0.0,0.0,0.0,1.0
914,43,2011,6612385,71740,4.859999999999999,0.73,0.25,3.35,0.0,0.0,0.0,0.0,0.0,0.0,1.0
915,43,2012,6788587,71740,5.089999999999999,0.85,0.32,3.35,0.0,0.0,0.0,0.0,0.0,0.0,1.0
916,43,2013,6964859,71740,5.45,1.03,0.38,3.35,0.0,0.0,0.0,0.0,0.0,0.0,1.0
917,43,2014,7140688,71740,5.669999999999999,1.14,0.4,3.35,0.0,0.0,0.0,0.0,0.0,0.0,1.0
918,43,2015,7314773,71740,5.549999999999999,1.08,0.24,3.35,0.0,0.0,0.0,0.0,0.0,0.0,1.0
919,43,2016,7493913,71740,5.689999999999999,1.17,0.29,3.35,0.0,0.0,0.0,0.0,0.0,0.0,1.0
920,43,2017,7677565,71740,5.640000000000001,1.12,0.41,3.35,0.0,0.0,0.0,0.0,0.0,0.0,1.0
921,43,2018,7861281,71740,5.449999999999999,1.04,0.25,3.35,0.0,0.0,0.0,0.0,0.0,0.0,1.0
922,43,2019,8046828,71740,5.449999999999999,1.04,0.31,3.35,0.0,0.0,0.0,0.0,0.0,0.0,1.0
923,43,2020,8233970,71740,5.449999999999999,1.05,0.31,3.35,0.0,0.0,0.0,0.0,0.0,0.0,1.0
924,44,2000,46813266,1221037,583.09,284.46,3.67,6.43,3.67,0.26,0.0,0.0,0.0,1.0,0.0
925,44,2001,47229714,1221037,655.0499999999998,320.39,3.83,6.46,3.64,0.27,0.0,0.0,0.0,1.0,0.0
926,44,2002,47661514,1221037,675.46,331.27,3.9,6.48,4.21,0.23,0.0,0.0,0.0,1.0,0.0
927,44,2003,48104048,1221037,719.14,353.03,3.92,6.51,4.46,0.31,0.0,0.0,0.0,1.0,0.0
928,44,2004,48556071,1221037,771.9499999999999,379.94,3.87,6.51,4.34,0.3,0.0,0.0,0.0,1.0,0.0
929,44,2005,49017147,1221037,767.51,377.64,3.58,6.51,5.07,0.28,0.0,0.0,0.0,1.0,0.0
930,44,2006,49491756,1221037,771.2199999999999,379.74,4.14,6.51,5.33,0.23,0.0,0.0,0.0,1.0,0.0
931,44,2007,49996094,1221037,806.2800000000001,397.16,4.46,6.51,5.49,0.17,0.0,0.0,0.0,1.0,0.0
932,44,2008,50565812,1221037,867.92,427.11,4.83,6.52,5.34,0.18,0.0,0.0,0.0,1.0,0.0
933,44,2009,51170779,1221037,821.04,404.35,4.76,6.52,5.57,0.18,0.0,0.0,0.0,1.0,0.0
934,44,2010,51784921,1221037,866.6500000000001,425.55,5.95,6.52,5.05,0.2,0.0,0.0,0.0,1.0,0.0
935,44,2011,52443325,1221037,835.2599999999999,409.48,7.83,6.41,4.64,0.14,0.0,0.0,0.0,1.0,0.0
936,44,2012,53145033,1221037,870.4000000000001,427.0,8.29,6.41,4.63,0.08,0.0,0.0,0.0,1.0,0.0
937,44,2013,53873616,1221037,890.65,437.26,8.13,6.41,4.89,0.05,0.0,0.0,0.0,1.0,0.0
938,44,2014,54729551,1221037,912.74,448.3,8.04,6.41,4.91,0.06,0.0,0.0,0.0,1.0,0.0
939,44,2015,55876504,1221037,865.9099999999999,425.06,7.99,6.41,5.42,0.05,0.0,0.0,0.0,1.0,0.0
940,44,2016,56422274,1221037,865.5400000000002,425.68,7.26,6.68,5.69,0.04,0.0,0.0,0.0,1.0,0.0
941,44,2017,56641209,1221037,885.3100000000001,435.21,8.68,6.68,5.48,0.03,0.0,0.0,0.0,1.0,0.0
942,44,2018,57339635,1221037,893.35,439.64,7.78,6.68,5.47,0.06,0.0,0.0,0.0,1.0,0.0
943,44,2019,58087055,1221037,907.3100000000002,446.63,7.16,6.67,5.45,0.06,0.0,0.0,0.0,1.0,0.0
944,44,2020,58801927,1221037,798.02,393.24,6.48,6.67,5.07,0.06,0.0,0.0,0.0,1.0,0.0
945,45,2000,26298773,1886068,33.190000000000005,5.69,0.71,21.51,0.06,0.14,0.0,0.0,1.0,0.0,0.0
946,45,2001,26947253,1886068,34.660000000000004,6.25,0.42,21.82,0.08,0.16,0.0,0.0,1.0,0.0,0.0
947,45,2002,27570318,1886068,37.57,7.71,0.65,21.81,0.08,0.17,0.0,0.0,1.0,0.0,0.0
948,45,2003,28188977,1886068,37.959999999999994,7.93,0.68,21.8,0.11,0.18,0.0,0.0,1.0,0.0,0.0
949,45,2004,28831550,1886068,39.71,8.83,0.87,21.79,0.12,0.32,0.0,0.0,1.0,0.0,0.0
950,45,2005,29540577,1886068,43.01999999999999,10.5,0.88,21.79,0.13,0.44,0.0,0.0,1.0,0.0,0.0
951,45,2006,30332968,1886068,47.809999999999995,12.9,0.99,21.79,0.08,0.46,0.0,0.0,1.0,0.0,0.0
952,45,2007,31191163,1886068,49.900000000000006,13.97,1.03,21.79,0.13,0.54,0.0,0.0,1.0,0.0,0.0
953,45,2008,32065241,1886068,52.050000000000004,14.96,0.71,21.78,0.1,0.44,0.0,0.0,1.0,0.0,0.0
954,45,2009,32948155,1886068,53.03000000000001,15.49,0.57,21.79,0.24,0.5,0.0,0.0,1.0,0.0,0.0
955,45,2010,33739933,1886068,54.47,16.43,0.71,21.79,0.75,0.55,0.0,0.0,1.0,0.0,0.0
956,45,2011,34419624,1886068,52.56,15.94,0.21,21.18,1.15,0.57,0.0,0.0,1.0,0.0,0.0
957,45,2012,35159792,1886068,52.470000000000006,15.81,0.37,21.52,1.34,0.59,0.0,0.0,1.0,0.0,0.0
958,45,2013,35990704,1886068,52.289999999999985,15.85,0.4,21.52,1.38,0.73,0.0,0.0,1.0,0.0,0.0
959,45,2014,37003245,1886068,53.88000000000001,16.66,0.4,21.52,1.35,0.78,0.0,0.0,1.0,0.0,0.0
960,45,2015,38171178,1886068,59.17,19.26,0.42,21.52,1.44,0.92,0.0,0.0,1.0,0.0,0.0
961,45,2016,39377169,1886068,63.10000000000001,21.5,0.45,21.0,1.56,0.66,0.0,0.0,1.0,0.0,0.0
962,45,2017,40679828,1886068,63.32,21.58,0.44,21.0,1.56,0.63,0.0,0.0,1.0,0.0,0.0
963,45,2018,41999059,1886068,63.47,21.67,0.42,21.0,1.56,0.58,0.0,0.0,1.0,0.0,0.0
964,45,2019,43232093,1886068,64.31,22.13,0.43,21.0,1.56,0.58,0.0,0.0,1.0,0.0,0.0
965,45,2020,44440486,1886068,61.480000000000004,20.8,0.3,21.0,1.56,0.56,0.0,0.0,1.0,0.0,0.0
966,46,2000,34463704,945087,57.47,2.95,0.07,51.65,0.34,0.0,1.0,0.0,0.0,0.0,0.0
967,46,2001,35414469,945087,57.81,3.13,0.08,51.63,0.36,0.0,1.0,0.0,0.0,0.0,0.0
968,46,2002,36353531,945087,58.639999999999986,3.57,0.05,51.62,0.41,0.0,1.0,0.0,0.0,0.0,0.0
969,46,2003,37333918,945087,59.00999999999999,3.77,0.05,51.62,0.47,0.0,1.0,0.0,0.0,0.0,0.0
970,46,2004,38360879,945087,61.59,5.08,0.05,51.6,0.51,0.0,1.0,0.0,0.0,0.0,0.0
971,46,2005,39439505,945087,62.63,5.66,0.06,51.6,0.54,0.0,1.0,0.0,0.0,0.0,0.0
972,46,2006,40562052,945087,63.320000000000014,5.99,0.04,51.59,0.54,0.0,1.0,0.0,0.0,0.0,0.0
973,46,2007,41716497,945087,63.05000000000001,5.91,0.04,51.57,0.63,0.0,1.0,0.0,0.0,0.0,0.0
974,46,2008,42870884,945087,63.34000000000001,6.07,0.05,51.56,0.68,0.0,1.0,0.0,0.0,0.0,0.0
975,46,2009,43957933,945087,62.98,5.93,0.04,51.55,0.75,0.0,1.0,0.0,0.0,0.0,0.0
976,46,2010,45110527,945087,64.86999999999999,6.91,0.05,51.55,0.89,0.0,1.0,0.0,0.0,0.0,0.0
977,46,2011,46416031,945087,67.41,8.02,0.05,51.55,0.92,0.0,1.0,0.0,0.0,0.0,0.0
978,46,2012,47786137,945087,70.13999999999999,9.59,0.06,51.55,0.99,0.0,1.0,0.0,0.0,0.0,0.0
979,46,2013,49253643,945087,72.6,10.7,0.06,51.53,0.91,0.0,1.0,0.0,0.0,0.0,0.0
980,46,2014,50814552,945087,71.26,10.11,0.06,51.53,1.09,0.0,1.0,0.0,0.0,0.0,0.0
981,46,2015,52542823,945087,72.36,10.77,0.07,51.53,1.22,0.0,1.0,0.0,0.0,0.0,0.0
982,46,2016,54401802,945087,83.98999999999998,10.65,0.07,63.7,1.58,0.0,1.0,0.0,0.0,0.0,0.0
983,46,2017,56267032,945087,85.85,11.66,0.07,63.7,1.63,0.0,1.0,0.0,0.0,0.0,0.0
984,46,2018,58090443,945087,86.40999999999998,12.02,0.07,63.69,1.75,0.0,1.0,0.0,0.0,0.0,0.0
985,46,2019,59872579,945087,91.49,14.96,0.08,63.68,2.52,0.0,1.0,0.0,0.0,0.0,0.0
986,46,2020,61704518,945087,90.27000000000001,14.44,0.08,63.68,2.52,0.0,1.0,0.0,0.0,0.0,0.0
987,47,2000,5008035,56785,4.92,1.27,0.0,2.66,0.32,0.0,0.0,0.0,0.0,0.0,1.0
988,47,2001,5145426,56785,2.9699999999999998,1.18,0.0,0.95,0.4,0.0,0.0,0.0,0.0,0.0,1.0
989,47,2002,5281538,56785,3.1999999999999997,1.34,0.0,0.95,0.49,0.0,0.0,0.0,0.0,0.0,1.0
990,47,2003,5421001,56785,3.9799999999999995,1.83,0.0,0.95,0.74,0.0,0.0,0.0,0.0,0.0,1.0
991,47,2004,5565218,56785,3.89,1.78,0.0,0.95,0.75,0.0,0.0,0.0,0.0,0.0,1.0
992,47,2005,5711597,56785,3.8099999999999996,1.75,0.0,0.95,0.78,0.0,0.0,0.0,0.0,0.0,1.0
993,47,2006,5874240,56785,3.5199999999999996,1.57,0.0,0.95,0.68,0.0,0.0,0.0,0.0,0.0,1.0
994,47,2007,6047537,56785,3.4499999999999997,1.5,0.0,0.95,0.6,0.0,0.0,0.0,0.0,0.0,1.0
995,47,2008,6222482,56785,3.83,1.57,0.0,0.95,0.47,0.0,0.0,0.0,0.0,0.0,1.0
996,47,2009,6398624,56785,6.31,2.82,0.0,0.95,0.55,0.0,0.0,0.0,0.0,0.0,1.0
997,47,2010,6571855,56785,5.93,2.63,0.0,0.95,0.55,0.0,0.0,0.0,0.0,0.0,1.0
998,47,2011,6748672,56785,5.579999999999999,2.52,0.0,0.94,0.62,0.0,0.0,0.0,0.0,0.0,1.0
999,47,2012,6926635,56785,5.079999999999999,2.24,0.0,0.94,0.61,0.0,0.0,0.0,0.0,0.0,1.0
1000,47,2013,7106229,56785,4.24,1.75,0.0,0.94,0.47,0.0,0.0,0.0,0.0,0.0,1.0
1001,47,2014,7288383,56785,3.94,1.59,0.0,0.94,0.44,0.0,0.0,0.0,0.0,0.0,1.0
1002,47,2015,7473229,56785,3.8699999999999997,1.83,0.0,0.94,0.81,0.0,0.0,0.0,0.0,0.0,1.0
1003,47,2016,7661354,56785,4.779999999999999,2.31,0.0,0.81,0.82,0.0,0.0,0.0,0.0,0.0,1.0
1004,47,2017,7852795,56785,4.3100000000000005,2.02,0.0,0.81,0.76,0.0,0.0,0.0,0.0,0.0,1.0
1005,47,2018,8046679,56785,4.640000000000001,2.19,0.0,0.81,0.75,0.0,0.0,0.0,0.0,0.0,1.0
1006,47,2019,8243094,56785,4.970000000000001,2.44,0.0,0.81,0.92,0.0,0.0,0.0,0.0,0.0,1.0
1007,47,2020,8442580,56785,4.950000000000001,2.42,0.0,0.81,0.86,0.0,0.0,0.0,0.0,0.0,1.0
1008,48,2000,9893316,163610,40.11,21.07,1.05,0.0,2.96,0.48,0.0,0.0,1.0,0.0,0.0
1009,48,2001,9995123,163610,41.81999999999999,21.97,1.08,0.0,2.99,0.47,0.0,0.0,1.0,0.0,0.0
1010,48,2002,10094561,163610,41.86,22.15,0.97,0.0,3.16,0.46,0.0,0.0,1.0,0.0,0.0
1011,48,2003,10193798,163610,41.410000000000004,21.96,1.01,0.0,3.17,0.45,0.0,0.0,1.0,0.0,0.0
1012,48,2004,10292225,163610,43.3,23.02,1.05,0.0,3.51,0.47,0.0,0.0,1.0,0.0,0.0
1013,48,2005,10388344,163610,44.260000000000005,23.54,1.07,0.0,3.53,0.54,0.0,0.0,1.0,0.0,0.0
1014,48,2006,10483558,163610,45.99999999999999,24.47,1.04,0.0,3.66,0.65,0.0,0.0,1.0,0.0,0.0
1015,48,2007,10580395,163610,47.760000000000005,25.37,1.03,0.0,3.73,0.66,0.0,0.0,1.0,0.0,0.0
1016,48,2008,10680380,163610,48.739999999999995,25.96,1.13,0.0,4.01,0.9,0.0,0.0,1.0,0.0,0.0
1017,48,2009,10784504,163610,48.629999999999995,25.98,1.06,0.0,3.99,0.86,0.0,0.0,1.0,0.0,0.0
1018,48,2010,10895063,163610,53.14,28.32,1.06,0.0,4.29,0.74,0.0,0.0,1.0,0.0,0.0
1019,48,2011,11032528,163610,54.65,26.72,0.98,3.88,3.41,1.06,0.0,0.0,1.0,0.0,0.0
1020,48,2012,11174383,163610,58.75,29.11,1.0,3.88,4.25,1.38,0.0,0.0,1.0,0.0,0.0
1021,48,2013,11300284,163610,58.300000000000004,28.6,1.03,3.88,3.71,1.25,0.0,0.0,1.0,0.0,0.0
1022,48,2014,11428948,163610,62.05,30.98,1.1,3.88,4.66,1.29,0.0,0.0,1.0,0.0,0.0
1023,48,2015,11557779,163610,62.85,31.63,1.16,3.88,4.94,1.08,0.0,0.0,1.0,0.0,0.0
1024,48,2016,11685667,163610,57.0,30.32,1.18,0.0,4.31,0.81,0.0,0.0,1.0,0.0,0.0
1025,48,2017,11811443,163610,58.29,30.74,1.29,0.0,3.99,0.6,0.0,0.0,1.0,0.0,0.0
1026,48,2018,11933041,163610,58.69,31.02,1.3,0.0,4.26,0.59,0.0,0.0,1.0,0.0,0.0
1027,48,2019,12049314,163610,58.88,31.05,1.26,0.0,4.18,0.59,0.0,0.0,1.0,0.0,0.0
1028,48,2020,12161723,163610,55.4,29.29,1.18,0.0,3.54,0.58,0.0,0.0,1.0,0.0,0.0
1029,49,2000,24020697,241550,16.93,1.3,0.01,14.34,0.11,0.0,1.0,0.0,0.0,0.0,0.0
1030,49,2001,24763325,241550,16.919999999999998,1.3,0.01,14.33,0.12,0.0,1.0,0.0,0.0,0.0,0.0
1031,49,2002,25545090,241550,17.259999999999998,1.49,0.01,14.33,0.14,0.0,1.0,0.0,0.0,0.0,0.0
1032,49,2003,26354736,241550,17.44,1.57,0.02,14.33,0.14,0.0,1.0,0.0,0.0,0.0,0.0
1033,49,2004,27146084,241550,17.570000000000004,1.63,0.02,14.33,0.15,0.0,1.0,0.0,0.0,0.0,0.0
1034,49,2005,27946588,241550,18.319999999999997,2.02,0.02,14.33,0.16,0.0,1.0,0.0,0.0,0.0,0.0
1035,49,2006,28773227,241550,19.080000000000002,2.4,0.02,14.33,0.16,0.0,1.0,0.0,0.0,0.0,0.0
1036,49,2007,29629804,241550,20.15,2.87,0.14,14.32,0.15,0.0,1.0,0.0,0.0,0.0,0.0
1037,49,2008,30509862,241550,20.33,2.97,0.07,14.32,0.19,0.0,1.0,0.0,0.0,0.0,0.0
1038,49,2009,31412520,241550,21.09,3.36,0.14,14.32,0.2,0.0,1.0,0.0,0.0,0.0,0.0
1039,49,2010,32341728,241550,20.93,3.33,0.14,14.32,0.32,0.0,1.0,0.0,0.0,0.0,0.0
1040,49,2011,33295738,241550,21.78,3.74,0.09,14.32,0.39,0.0,1.0,0.0,0.0,0.0,0.0
1041,49,2012,34273295,241550,21.860000000000007,3.78,0.12,14.32,0.43,0.0,1.0,0.0,0.0,0.0,0.0
1042,49,2013,35273570,241550,21.780000000000005,3.69,0.12,14.32,0.36,0.0,1.0,0.0,0.0,0.0,0.0
1043,49,2014,36336539,241550,22.619999999999994,4.11,0.14,14.32,0.39,0.0,1.0,0.0,0.0,0.0,0.0
1044,49,2015,37477356,241550,23.72,4.71,0.17,14.32,0.35,0.0,1.0,0.0,0.0,0.0,0.0
1045,49,2016,38748299,241550,24.14,4.95,0.19,14.31,0.37,0.0,1.0,0.0,0.0,0.0,0.0
1046,49,2017,40127085,241550,24.61,5.17,0.32,14.31,0.38,0.0,1.0,0.0,0.0,0.0,0.0
1047,49,2018,41515395,241550,26.0,5.87,0.49,14.31,0.38,0.0,1.0,0.0,0.0,0.0,0.0
1048,49,2019,42949080,241550,26.099999999999998,5.94,0.51,14.33,0.46,0.0,1.0,0.0,0.0,0.0,0.0
1049,49,2020,44404611,241550,25.31,5.67,0.49,14.32,0.53,0.0,1.0,0.0,0.0,0.0,0.0
1050,50,2000,9891136,752612,21.739999999999995,1.81,0.05,18.15,0.15,0.0,1.0,0.0,0.0,0.0,0.0
1051,50,2001,10191964,752612,21.900000000000002,1.84,0.05,18.17,0.09,0.0,1.0,0.0,0.0,0.0,0.0
1052,50,2002,10508294,752612,22.09,1.92,0.05,18.19,0.09,0.0,1.0,0.0,0.0,0.0,0.0
1053,50,2003,10837973,752612,22.35,2.08,0.05,18.18,0.14,0.0,1.0,0.0,0.0,0.0,0.0
1054,50,2004,11188040,752612,22.410000000000004,2.11,0.04,18.19,0.16,0.0,1.0,0.0,0.0,0.0,0.0
1055,50,2005,11564870,752612,22.760000000000005,2.29,0.05,18.17,0.17,0.0,1.0,0.0,0.0,0.0,0.0
1056,50,2006,11971567,752612,22.479999999999997,2.18,0.12,18.15,0.22,0.0,1.0,0.0,0.0,0.0,0.0
1057,50,2007,12402073,752612,21.980000000000004,1.98,0.1,18.14,0.21,0.0,1.0,0.0,0.0,0.0,0.0
1058,50,2008,12852966,752612,22.429999999999996,2.19,0.13,18.15,0.22,0.0,1.0,0.0,0.0,0.0,0.0
1059,50,2009,13318087,752612,22.869999999999997,2.49,0.11,18.13,0.34,0.0,1.0,0.0,0.0,0.0,0.0
1060,50,2010,13792086,752612,23.099999999999998,2.66,0.12,18.14,0.43,0.0,1.0,0.0,0.0,0.0,0.0
1061,50,2011,14265814,752612,39.30000000000001,3.05,0.12,33.56,0.46,0.0,1.0,0.0,0.0,0.0,0.0
1062,50,2012,14744658,752612,41.160000000000004,4.03,0.14,33.56,0.61,0.0,1.0,0.0,0.0,0.0,0.0
1063,50,2013,15234976,752612,41.46,4.24,0.23,33.55,0.7,0.0,1.0,0.0,0.0,0.0,0.0
1064,50,2014,15737793,752612,42.24000000000001,4.69,0.18,33.54,0.74,0.0,1.0,0.0,0.0,0.0,0.0
1065,50,2015,16248230,752612,42.81,4.96,0.18,33.54,0.7,0.0,1.0,0.0,0.0,0.0,0.0
1066,50,2016,16767761,752612,43.41,5.32,0.19,33.51,0.78,0.0,1.0,0.0,0.0,0.0,0.0
1067,50,2017,17298054,752612,46.309999999999995,6.81,0.27,33.5,0.86,0.0,1.0,0.0,0.0,0.0,0.0
1068,50,2018,17835893,752612,48.17999999999999,7.86,0.31,33.51,1.07,0.0,1.0,0.0,0.0,0.0,0.0
1069,50,2019,18380477,752612,47.910000000000004,7.62,0.36,33.6,0.96,0.0,1.0,0.0,0.0,0.0,0.0
1070,50,2020,18927715,752612,47.92,7.61,0.37,33.61,0.93,0.0,1.0,0.0,0.0,0.0,0.0
1071,51,2000,11834676,390757,37.5,13.58,2.07,10.4,0.4,0.0,1.0,0.0,0.0,0.0,0.0
1072,51,2001,11910978,390757,37.99,13.55,1.46,10.94,0.32,0.0,1.0,0.0,0.0,0.0,0.0
1073,51,2002,11984644,390757,35.46,12.29,1.29,10.94,0.24,0.0,1.0,0.0,0.0,0.0,0.0
1074,51,2003,12075828,390757,31.089999999999996,10.1,1.3,10.94,0.16,0.0,1.0,0.0,0.0,0.0,0.0
1075,51,2004,12160881,390757,30.110000000000003,9.67,0.71,10.94,0.2,0.0,1.0,0.0,0.0,0.0,0.0
1076,51,2005,12224753,390757,31.65,10.46,0.93,10.94,0.24,0.0,1.0,0.0,0.0,0.0,0.0
1077,51,2006,12330490,390757,30.279999999999998,9.79,1.62,10.94,0.27,0.0,1.0,0.0,0.0,0.0,0.0
1078,51,2007,12450568,390757,30.32,9.75,1.9,10.94,0.15,0.0,1.0,0.0,0.0,0.0,0.0
1079,51,2008,12550347,390757,26.219999999999995,7.71,1.72,10.94,0.15,0.0,1.0,0.0,0.0,0.0,0.0
1080,51,2009,12679810,390757,25.84,7.57,1.98,10.94,0.27,0.0,1.0,0.0,0.0,0.0,0.0
1081,51,2010,12839771,390757,29.700000000000003,9.52,1.29,10.94,0.31,0.0,1.0,0.0,0.0,0.0,0.0
1082,51,2011,13025785,390757,33.69,11.36,0.98,11.32,0.38,0.0,1.0,0.0,0.0,0.0,0.0
1083,51,2012,13265331,390757,34.71,11.95,1.02,11.32,0.57,0.0,1.0,0.0,0.0,0.0,0.0
1084,51,2013,13555422,390757,35.32000000000001,12.22,0.91,11.32,0.46,0.0,1.0,0.0,0.0,0.0,0.0
1085,51,2014,13855753,390757,34.870000000000005,12.01,0.84,11.32,0.5,0.0,1.0,0.0,0.0,0.0,0.0
1086,51,2015,14154937,390757,34.78000000000001,11.99,0.77,11.32,0.59,0.0,1.0,0.0,0.0,0.0,0.0
1087,51,2016,14452704,390757,107.72,10.45,0.66,87.16,0.46,0.0,1.0,0.0,0.0,0.0,0.0
1088,51,2017,14751101,390757,106.41,9.78,0.66,87.16,0.47,0.0,1.0,0.0,0.0,0.0,0.0
1089,51,2018,15052184,390757,108.92999999999999,11.07,0.79,87.16,0.56,0.0,1.0,0.0,0.0,0.0,0.0
1090,51,2019,15354608,390757,107.20999999999998,10.19,0.78,87.16,0.47,0.0,1.0,0.0,0.0,0.0,0.0
1091,51,2020,15669666,390757,103.35000000000001,8.31,0.61,87.16,0.5,0.0,1.0,0.0,0.0,0.0,0.0
